date,Unnamed:_0,open,high,low,close,adjusted_close,volume,dividend_amount,split_coefficient
2014-06-06,0,55.25,60.0,55.0,55.0,55.0,7255086.0,0.0,1.0
2014-06-09,1,56.25,57.0,55.0,55.2,55.2,716836.0,0.0,1.0
2014-06-10,2,55.25,60.0,55.25,60.0,60.0,986711.0,0.0,1.0
2014-06-11,3,60.0,63.5,58.6603,63.5,63.5,661552.0,0.0,1.0
2014-06-12,4,63.65,67.83,63.07,66.0,66.0,738054.0,0.0,1.0
2014-06-13,5,68.47,72.0,67.0,69.58,69.58,1066322.0,0.0,1.0
2014-06-16,6,71.22,71.5,67.6349,71.5,71.5,417114.0,0.0,1.0
2014-06-17,7,71.89,72.6299,69.0,69.71,69.71,279717.0,0.0,1.0
2014-06-18,8,70.07,71.0,67.88,68.96,68.96,208772.0,0.0,1.0
2014-06-19,9,68.03,68.81,64.51,65.67,65.67,653020.0,0.0,1.0
2014-06-20,10,65.05,68.5,64.5,65.15,65.15,294227.0,0.0,1.0
2014-06-23,11,65.02,67.49,65.02,65.71,65.71,116518.0,0.0,1.0
2014-06-24,12,66.35,66.75,63.87,64.28,64.28,192779.0,0.0,1.0
2014-06-25,13,63.81,65.358,62.0,64.49,64.49,186174.0,0.0,1.0
2014-06-26,14,64.81,64.81,62.5,63.81,63.81,97114.0,0.0,1.0
2014-06-27,15,63.91,63.91,62.25,62.55,62.55,244740.0,0.0,1.0
2014-06-30,16,62.07,65.2,62.07,62.39,62.39,231968.0,0.0,1.0
2014-07-01,17,66.97,76.8299,66.1,76.0,76.0,1660225.0,0.0,1.0
2014-07-02,18,78.74,80.53,73.2,75.35,75.35,1126534.0,0.0,1.0
2014-07-03,19,76.44,77.627,74.1,76.41,76.41,243884.0,0.0,1.0
2014-07-07,20,75.16,77.29,72.03,72.17,72.17,316698.0,0.0,1.0
2014-07-08,21,71.93,72.05,63.14,69.43,69.43,1178699.0,0.0,1.0
2014-07-09,22,69.3,72.9,66.01,71.9,71.9,372430.0,0.0,1.0
2014-07-10,23,67.52,70.14,67.1237,67.74,67.74,296845.0,0.0,1.0
2014-07-11,24,68.8,70.5,68.35,69.63,69.63,191731.0,0.0,1.0
2014-07-14,25,71.4,72.0,68.53,68.95,68.95,130962.0,0.0,1.0
2014-07-15,26,69.45,70.5597,66.0,66.69,66.69,226093.0,0.0,1.0
2014-07-16,27,67.07,68.0,63.61,64.53,64.53,247680.0,0.0,1.0
2014-07-17,28,63.89,65.62,63.11,63.76,63.76,130221.0,0.0,1.0
2014-07-18,29,64.03,64.9,63.3503,64.0,64.0,123759.0,0.0,1.0
2014-07-21,30,64.13,64.73,63.01,63.23,63.23,143702.0,0.0,1.0
2014-07-22,31,63.76,66.96,63.46,65.51,65.51,235886.0,0.0,1.0
2014-07-23,32,65.89,66.68,64.4,64.82,64.82,147916.0,0.0,1.0
2014-07-24,33,65.11,66.16,63.77,64.25,64.25,182645.0,0.0,1.0
2014-07-25,34,64.15,64.78,62.51,63.64,63.64,115564.0,0.0,1.0
2014-07-28,35,64.52,64.544,63.03,63.41,63.41,71596.0,0.0,1.0
2014-07-29,36,63.59,64.05,63.1501,63.85,63.85,106388.0,0.0,1.0
2014-07-30,37,64.48,67.9,63.97,67.79,67.79,608090.0,0.0,1.0
2014-07-31,38,66.34,67.0,65.11,66.12,66.12,257714.0,0.0,1.0
2014-08-01,39,65.82,67.5,65.25,65.61,65.61,193677.0,0.0,1.0
2014-08-04,40,65.99,69.5,65.68,69.23,69.23,255589.0,0.0,1.0
2014-08-05,41,68.83,73.0,68.02,72.09,72.09,402441.0,0.0,1.0
2014-08-06,42,71.38,72.5,69.5301,70.82,70.82,225634.0,0.0,1.0
2014-08-07,43,71.77,72.66,71.184,72.22,72.22,417265.0,0.0,1.0
2014-08-08,44,79.25,79.88,71.5,72.03,72.03,1427136.0,0.0,1.0
2014-08-11,45,72.69,73.4,67.31,69.86,69.86,740522.0,0.0,1.0
2014-08-12,46,69.48,71.686,69.48,71.11,71.11,222981.0,0.0,1.0
2014-08-13,47,71.14,71.97,69.33800000000001,69.84,69.84,273450.0,0.0,1.0
2014-08-14,48,69.73,71.7,68.8,70.81,70.81,266629.0,0.0,1.0
2014-08-15,49,71.42,71.42,69.38,69.82,69.82,141576.0,0.0,1.0
2014-08-18,50,70.85,71.37,69.25,70.51,70.51,175885.0,0.0,1.0
2014-08-19,51,70.74,75.18,70.165,75.0,75.0,478128.0,0.0,1.0
2014-08-20,52,74.33,77.26899999999998,72.9007,76.4,76.4,396096.0,0.0,1.0
2014-08-21,53,75.88,78.39,75.33,77.35,77.35,435273.0,0.0,1.0
2014-08-22,54,76.49,76.96,75.25,75.62,75.62,177624.0,0.0,1.0
2014-08-25,55,76.05,77.44,74.81,75.58,75.58,177397.0,0.0,1.0
2014-08-26,56,75.44,76.77,74.6651,76.17,76.17,162712.0,0.0,1.0
2014-08-27,57,75.99,83.47,75.97,83.16,83.16,724203.0,0.0,1.0
2014-08-28,58,82.96,83.89,81.57,83.45,83.45,343329.0,0.0,1.0
2014-08-29,59,84.89,85.789,82.74,83.85,83.85,330521.0,0.0,1.0
2014-09-02,60,85.14,86.68,84.23,86.1,86.1,329686.0,0.0,1.0
2014-09-03,61,87.16,87.56,84.91,85.61,85.61,335355.0,0.0,1.0
2014-09-04,62,85.41,89.3,85.19,87.49,87.49,322704.0,0.0,1.0
2014-09-05,63,87.42,91.33,86.13,91.12,91.12,235019.0,0.0,1.0
2014-09-08,64,91.15,93.94,85.69,87.66,87.66,740430.0,0.0,1.0
2014-09-09,65,88.0,88.882,83.78,84.28,84.28,339918.0,0.0,1.0
2014-09-10,66,84.99,88.84,83.14,88.75,88.75,330775.0,0.0,1.0
2014-09-11,67,88.1,90.89,87.64,88.75,88.75,180064.0,0.0,1.0
2014-09-12,68,88.89,89.41,85.0,86.27,86.27,195092.0,0.0,1.0
2014-09-15,69,87.32,88.25,82.54,82.83,82.83,410015.0,0.0,1.0
2014-09-16,70,82.27,85.34,80.8001,84.0,84.0,268456.0,0.0,1.0
2014-09-17,71,84.79,85.94,83.22,83.51,83.51,200803.0,0.0,1.0
2014-09-18,72,84.5,86.44,84.0301,86.13,86.13,235527.0,0.0,1.0
2014-09-19,73,86.94,87.65,84.9,87.65,87.65,522235.0,0.0,1.0
2014-09-22,74,86.89,88.65,83.56,83.84,83.84,454492.0,0.0,1.0
2014-09-23,75,83.44,86.31,83.06,84.47,84.47,294807.0,0.0,1.0
2014-09-24,76,83.2,87.9,83.2,87.11,87.11,280406.0,0.0,1.0
2014-09-25,77,86.71,88.44,83.82,84.3,84.3,329457.0,0.0,1.0
2014-09-26,78,84.35,85.915,84.34,85.13,85.13,289594.0,0.0,1.0
2014-09-29,79,84.46,93.75,84.0,93.31,93.31,762822.0,0.0,1.0
2014-09-30,80,93.56,94.84,86.61,88.33,88.33,1101346.0,0.0,1.0
2014-10-01,81,88.04,88.5299,83.1201,84.06,84.06,602750.0,0.0,1.0
2014-10-02,82,84.45,85.0499,79.62,84.23,84.23,479354.0,0.0,1.0
2014-10-03,83,85.78,87.11,83.47,85.73,85.73,344747.0,0.0,1.0
2014-10-06,84,85.98,86.5799,82.81,84.68,84.68,361456.0,0.0,1.0
2014-10-07,85,83.13,84.48,82.215,82.81,82.81,450195.0,0.0,1.0
2014-10-08,86,84.33,88.92,83.04,88.44,88.44,592867.0,0.0,1.0
2014-10-09,87,88.44,90.25,84.6546,85.82,85.82,521124.0,0.0,1.0
2014-10-10,88,84.63,86.71,77.77,78.13,78.13,1369322.0,0.0,1.0
2014-10-13,89,78.58,79.62,73.305,73.69,73.69,604184.0,0.0,1.0
2014-10-14,90,74.0,75.38,70.3,73.52,73.52,696186.0,0.0,1.0
2014-10-15,91,73.0,75.72,71.0,75.05,75.05,604346.0,0.0,1.0
2014-10-16,92,74.49,76.22,73.4,74.57,74.57,586707.0,0.0,1.0
2014-10-17,93,75.93,77.49,75.87,76.72,76.72,648095.0,0.0,1.0
2014-10-20,94,77.42,79.25,75.42,76.39,76.39,292986.0,0.0,1.0
2014-10-21,95,78.31,78.38,76.81,77.51,77.51,348307.0,0.0,1.0
2014-10-22,96,78.0,78.15,71.68,72.18,72.18,498821.0,0.0,1.0
2014-10-23,97,73.27,75.39,72.26,73.84,73.84,506999.0,0.0,1.0
2014-10-24,98,73.8,74.99,72.75,74.93,74.93,279569.0,0.0,1.0
2014-10-27,99,74.7,74.7,73.1,73.36,73.36,205349.0,0.0,1.0
2014-10-28,100,73.54,74.306,72.56,73.84,73.84,432626.0,0.0,1.0
2014-10-29,101,73.85,75.6,72.23,73.03,73.03,318495.0,0.0,1.0
2014-10-30,102,77.0,78.75,76.23,76.97,76.97,377689.0,0.0,1.0
2014-10-31,103,74.84,82.932,74.6,81.25,81.25,647621.0,0.0,1.0
2014-11-03,104,84.75,86.0,81.36,85.69,85.69,501142.0,0.0,1.0
2014-11-04,105,85.69,87.21,82.56,86.39,86.39,578503.0,0.0,1.0
2014-11-05,106,89.28,89.89,82.77,84.12,84.12,760708.0,0.0,1.0
2014-11-06,107,85.42,87.3,83.2,87.25,87.25,722015.0,0.0,1.0
2014-11-07,108,78.85,81.05,76.5,77.83,77.83,1650789.0,0.0,1.0
2014-11-10,109,78.025,80.34,76.61,76.79,76.79,751025.0,0.0,1.0
2014-11-11,110,74.54,79.38,74.0,78.74,78.74,1486841.0,0.0,1.0
2014-11-12,111,78.74,79.38,76.5,77.24,77.24,570868.0,0.0,1.0
2014-11-13,112,77.0,78.75,76.23,76.97,76.97,377689.0,0.0,1.0
2014-11-14,113,76.97,77.74,76.51,77.69,77.69,324302.0,0.0,1.0
2014-11-17,114,76.64,77.15,75.82,76.7,76.7,371769.0,0.0,1.0
2014-11-18,115,76.7,77.45,76.3101,76.8,76.8,316305.0,0.0,1.0
2014-11-19,116,76.2,77.31,76.2,77.0,77.0,381246.0,0.0,1.0
2014-11-20,117,76.37,76.37,74.67,75.18,75.18,600955.0,0.0,1.0
2014-11-21,118,75.5,76.25,74.05,74.15,74.15,422286.0,0.0,1.0
2014-11-24,119,74.25,74.6899,72.66,72.94,72.94,425541.0,0.0,1.0
2014-11-25,120,73.33,74.805,73.0,73.74,73.74,421966.0,0.0,1.0
2014-11-26,121,74.9,77.899,74.45,76.15,76.15,527987.0,0.0,1.0
2014-11-28,122,76.68,76.925,75.56,75.87,75.87,206832.0,0.0,1.0
2014-12-01,123,74.0,75.35,71.35,71.58,71.58,733744.0,0.0,1.0
2014-12-02,124,71.47,72.5,67.58,69.42,69.42,1054703.0,0.0,1.0
2014-12-03,125,69.42,72.96,69.21,72.63,72.63,1082702.0,0.0,1.0
2014-12-04,126,72.7,74.0,71.66,73.53,73.53,335893.0,0.0,1.0
2014-12-05,127,73.25,74.5,67.7001,68.24,68.24,1853036.0,0.0,1.0
2014-12-08,128,67.61,67.61,59.16,64.82,64.82,2972409.0,0.0,1.0
2014-12-09,129,63.6,66.35,63.42,66.19,66.19,752183.0,0.0,1.0
2014-12-10,130,65.98,66.3,64.84,65.17,65.17,632104.0,0.0,1.0
2014-12-11,131,65.5,68.16,65.5,67.9,67.9,699478.0,0.0,1.0
2014-12-12,132,66.64,68.7081,66.0,67.95,67.95,636571.0,0.0,1.0
2014-12-15,133,67.18,67.89,66.94,67.39,67.39,498251.0,0.0,1.0
2014-12-16,134,67.03,68.86,66.56,68.34,68.34,600938.0,0.0,1.0
2014-12-17,135,68.15,69.4,66.83,67.28,67.28,606553.0,0.0,1.0
2014-12-18,136,67.86,68.3,66.0,66.77,66.77,1119784.0,0.0,1.0
2014-12-19,137,67.3,68.92,66.3,66.53,66.53,629585.0,0.0,1.0
2014-12-22,138,66.1,66.39,63.61,65.27,65.27,737689.0,0.0,1.0
2014-12-23,139,65.34,65.8999,63.45,64.7,64.7,539532.0,0.0,1.0
2014-12-24,140,64.91,65.29,64.41,65.0,65.0,274382.0,0.0,1.0
2014-12-26,141,65.81,65.81,63.89,65.25,65.25,385872.0,0.0,1.0
2014-12-29,142,65.22,65.64,61.22,61.57,61.57,767197.0,0.0,1.0
2014-12-30,143,61.09,62.5,60.29,60.64,60.64,604784.0,0.0,1.0
2014-12-31,144,60.7,61.91,60.7,60.76,60.76,357124.0,0.0,1.0
2015-01-02,145,60.76,62.875,60.16,62.68,62.68,370488.0,0.0,1.0
2015-01-05,146,63.0,64.75,62.05,63.8,63.8,469205.0,0.0,1.0
2015-01-06,147,64.0,64.91,62.21,63.81,63.81,360875.0,0.0,1.0
2015-01-07,148,64.39,65.5,63.98,65.14,65.14,409967.0,0.0,1.0
2015-01-08,149,65.71,66.83,64.85600000000001,66.12,66.12,474459.0,0.0,1.0
2015-01-09,150,66.03,66.75,65.6401,66.42,66.42,252887.0,0.0,1.0
2015-01-12,151,66.08,66.42,65.4,66.07,66.07,436406.0,0.0,1.0
2015-01-13,152,66.07,66.07,64.01,65.27,65.27,618278.0,0.0,1.0
2015-01-14,153,64.5,65.14,64.0,65.06,65.06,350256.0,0.0,1.0
2015-01-15,154,65.55,65.82,63.015,63.21,63.21,440450.0,0.0,1.0
2015-01-16,155,62.48,64.8,62.2,64.54,64.54,368302.0,0.0,1.0
2015-01-20,156,64.54,65.67,63.9765,65.47,65.47,281731.0,0.0,1.0
2015-01-21,157,65.47,66.22,64.07,64.28,64.28,253237.0,0.0,1.0
2015-01-22,158,64.08,64.43,62.75,63.5,63.5,377210.0,0.0,1.0
2015-01-23,159,63.5,64.69,62.82,63.41,63.41,470612.0,0.0,1.0
2015-01-26,160,63.41,64.35,62.22,64.35,64.35,311538.0,0.0,1.0
2015-01-27,161,63.89,64.115,62.77,63.62,63.62,166213.0,0.0,1.0
2015-01-28,162,64.1,66.23,63.71,65.43,65.43,530821.0,0.0,1.0
2015-01-29,163,65.81,66.87,61.66,63.46,63.46,640893.0,0.0,1.0
2015-01-30,164,62.59,63.4299,62.32,63.12,63.12,456766.0,0.0,1.0
2015-02-02,165,62.96,63.79,61.5,62.66,62.66,412262.0,0.0,1.0
2015-02-03,166,62.64,63.33,62.53,62.71,62.71,241557.0,0.0,1.0
2015-02-04,167,61.5,61.974,59.8,60.86,60.86,660684.0,0.0,1.0
2015-02-05,168,60.86,61.958,60.185,60.5,60.5,250605.0,0.0,1.0
2015-02-06,169,60.4,60.44,56.11,56.71,56.71,873981.0,0.0,1.0
2015-02-09,170,56.51,60.0,56.5022,60.0,60.0,609795.0,0.0,1.0
2015-02-10,171,60.0,65.95,59.6301,63.07,63.07,1226549.0,0.0,1.0
2015-02-11,172,62.56,62.98,60.63,61.51,61.51,341032.0,0.0,1.0
2015-02-12,173,61.95,61.95,60.08,60.99,60.99,396760.0,0.0,1.0
2015-02-13,174,60.96,63.94,60.875,62.93,62.93,320111.0,0.0,1.0
2015-02-17,175,63.83,64.9,63.4,63.99,63.99,229070.0,0.0,1.0
2015-02-18,176,63.86,65.18,62.6,65.18,65.18,362829.0,0.0,1.0
2015-02-19,177,65.49,68.0,65.25,67.99,67.99,1186694.0,0.0,1.0
2015-02-20,178,72.21,74.0,67.9,68.5,68.5,3547952.0,0.0,1.0
2015-02-23,179,69.95,71.4,68.3,69.05,69.05,1081262.0,0.0,1.0
2015-02-24,180,67.95,68.5,66.25,66.35,66.35,1960746.0,0.0,1.0
2015-02-25,181,66.35,68.08,66.23,67.03,67.03,995343.0,0.0,1.0
2015-02-26,182,67.38,68.84,67.15,68.77,68.77,843008.0,0.0,1.0
2015-02-27,183,68.87,70.0,68.5,69.21,69.21,728126.0,0.0,1.0
2015-03-02,184,69.0,69.89,68.16,69.07,69.07,530601.0,0.0,1.0
2015-03-03,185,69.0,70.0,68.01,69.39,69.39,778917.0,0.0,1.0
2015-03-04,186,68.76,69.18,67.12,67.42,67.42,623151.0,0.0,1.0
2015-03-05,187,67.67,69.61,67.12,69.28,69.28,703542.0,0.0,1.0
2015-03-06,188,68.5,68.91,66.94,67.89,67.89,548684.0,0.0,1.0
2015-03-09,189,68.11,68.99,67.69,68.49,68.49,670012.0,0.0,1.0
2015-03-10,190,67.95,68.52,67.792,68.02,68.02,361673.0,0.0,1.0
2015-03-11,191,68.66,68.99,67.7401,68.79,68.79,495178.0,0.0,1.0
2015-03-12,192,68.41,69.63,67.93,68.93,68.93,428787.0,0.0,1.0
2015-03-13,193,68.74,69.44,68.55,69.05,69.05,818274.0,0.0,1.0
2015-03-16,194,69.0,71.7,68.86,71.53,71.53,1230376.0,0.0,1.0
2015-03-17,195,71.75,74.23,71.4,73.65,73.65,1885168.0,0.0,1.0
2015-03-18,196,74.32,74.44,72.74,74.23,74.23,839873.0,0.0,1.0
2015-03-19,197,74.0,74.52,72.6,73.25,73.25,851156.0,0.0,1.0
2015-03-20,198,73.58,73.72,71.4,71.9,71.9,2589526.0,0.0,1.0
2015-03-23,199,71.88,73.21,70.94,72.65,72.65,541245.0,0.0,1.0
2015-03-24,200,71.29,71.63,70.02,70.12,70.12,1071975.0,0.0,1.0
2015-03-25,201,70.55,70.75,67.76,68.72,68.72,705842.0,0.0,1.0
2015-03-26,202,67.39,69.14,66.9301,68.83,68.83,614303.0,0.0,1.0
2015-03-27,203,68.19,69.0499,67.52,67.88,67.88,307676.0,0.0,1.0
2015-03-30,204,68.22,68.66,67.1,68.52,68.52,332344.0,0.0,1.0
2015-03-31,205,68.39,70.65,67.0,70.53,70.53,611267.0,0.0,1.0
2015-04-01,206,69.78,70.165,68.19,69.62,69.62,612324.0,0.0,1.0
2015-04-02,207,67.33,67.5,65.52,66.01,66.01,1741699.0,0.0,1.0
2015-04-06,208,66.15,66.67,65.275,65.79,65.79,638436.0,0.0,1.0
2015-04-07,209,66.0,67.18,65.7,66.16,66.16,410495.0,0.0,1.0
2015-04-08,210,66.25,66.5,64.8,66.11,66.11,414260.0,0.0,1.0
2015-04-09,211,65.73,67.22,65.25,65.63,65.63,340187.0,0.0,1.0
2015-04-10,212,65.53,65.7299,64.35,65.25,65.25,547304.0,0.0,1.0
2015-04-13,213,65.47,66.69,65.43,66.14,66.14,420454.0,0.0,1.0
2015-04-14,214,66.0,67.25,66.0,66.32,66.32,388318.0,0.0,1.0
2015-04-15,215,66.56,67.79,66.0,67.79,67.79,526771.0,0.0,1.0
2015-04-16,216,67.51,67.6747,65.52,65.67,65.67,483645.0,0.0,1.0
2015-04-17,217,65.31,65.69,64.8,64.97,64.97,488658.0,0.0,1.0
2015-04-20,218,65.37,65.686,63.65,65.07,65.07,534617.0,0.0,1.0
2015-04-21,219,65.49,67.24,65.48,65.87,65.87,431739.0,0.0,1.0
2015-04-22,220,65.86,66.632,65.22,66.27,66.27,251435.0,0.0,1.0
2015-04-23,221,66.07,66.9,65.45,66.15,66.15,328892.0,0.0,1.0
2015-04-24,222,66.97,69.46,65.96,66.39,66.39,319441.0,0.0,1.0
2015-04-27,223,66.75,66.9499,64.56,64.6,64.6,394829.0,0.0,1.0
2015-04-28,224,64.82,66.37,63.66,65.71,65.71,333632.0,0.0,1.0
2015-04-29,225,65.67,66.14,64.44,64.76,64.76,602870.0,0.0,1.0
2015-04-30,226,64.56,65.0,63.8,64.01,64.01,349915.0,0.0,1.0
2015-05-01,227,64.08,64.84,63.25,64.71,64.71,279385.0,0.0,1.0
2015-05-04,228,64.24,65.29,63.78,64.65,64.65,311926.0,0.0,1.0
2015-05-05,229,64.66,65.0,63.5,63.82,63.82,261616.0,0.0,1.0
2015-05-06,230,64.0,64.57,63.16,63.53,63.53,317109.0,0.0,1.0
2015-05-07,231,63.47,65.55,63.47,64.95,64.95,273275.0,0.0,1.0
2015-05-08,232,65.2,66.0,65.02,65.8,65.8,241061.0,0.0,1.0
2015-05-11,233,65.95,67.77,65.76,67.65,67.65,287155.0,0.0,1.0
2015-05-12,234,67.02,67.458,65.385,65.85,65.85,783097.0,0.0,1.0
2015-05-13,235,66.2,66.58,66.03,66.31,66.31,459103.0,0.0,1.0
2015-05-14,236,66.99,69.0,66.1,68.91,68.91,1353038.0,0.0,1.0
2015-05-15,237,66.38,67.4,64.05,65.42,65.42,2126996.0,0.0,1.0
2015-05-18,238,65.4,67.88,65.125,67.73,67.73,740430.0,0.0,1.0
2015-05-19,239,67.88,68.47,67.0501,67.55,67.55,498369.0,0.0,1.0
2015-05-20,240,67.56,67.92,66.89,67.48,67.48,482594.0,0.0,1.0
2015-05-21,241,67.5,68.45,67.1617,67.91,67.91,511738.0,0.0,1.0
2015-05-22,242,67.88,68.96,67.76,68.87,68.87,457846.0,0.0,1.0
2015-05-26,243,69.0,69.8,68.32,68.75,68.75,1000953.0,0.0,1.0
2015-05-27,244,68.51,68.97,67.94,68.17,68.17,445728.0,0.0,1.0
2015-05-28,245,68.26,69.3999,68.0,69.05,69.05,405520.0,0.0,1.0
2015-05-29,246,69.12,69.91,68.78,69.91,69.91,795461.0,0.0,1.0
2015-06-01,247,69.95,70.0,69.24,69.81,69.81,504015.0,0.0,1.0
2015-06-02,248,69.68,71.75,69.13,71.61,71.61,787358.0,0.0,1.0
2015-06-03,249,72.08,74.87,71.7525,74.85,74.85,1717092.0,0.0,1.0
2015-06-04,250,74.56,74.94,73.6429,73.99,73.99,679750.0,0.0,1.0
2015-06-05,251,73.6,77.9,73.5,77.09,77.09,1422989.0,0.0,1.0
2015-06-08,252,78.15,79.42,77.08,78.73,78.73,1136358.0,0.0,1.0
2015-06-09,253,78.89,79.81,78.2601,79.78,79.78,662800.0,0.0,1.0
2015-06-10,254,79.78,81.49,78.56,81.01,81.01,1277664.0,0.0,1.0
2015-06-11,255,81.5,81.7149,79.54,80.34,80.34,602359.0,0.0,1.0
2015-06-12,256,79.91,81.7,78.6815,81.16,81.16,758512.0,0.0,1.0
2015-06-15,257,80.94,83.95,80.36,83.24,83.24,993161.0,0.0,1.0
2015-06-16,258,83.44,85.84,83.36,84.97,84.97,974402.0,0.0,1.0
2015-06-17,259,85.86,86.63,84.18,85.72,85.72,878898.0,0.0,1.0
2015-06-18,260,86.16,87.88,85.96,87.07,87.07,1070698.0,0.0,1.0
2015-06-19,261,87.0,87.4799,86.12,86.71,86.71,1158445.0,0.0,1.0
2015-06-22,262,87.11,88.3,85.76,87.68,87.68,793228.0,0.0,1.0
2015-06-23,263,87.55,88.31,86.9,87.46,87.46,586626.0,0.0,1.0
2015-06-24,264,87.63,88.56,85.56,87.21,87.21,741109.0,0.0,1.0
2015-06-25,265,87.66,87.66,85.06,85.36,85.36,800050.0,0.0,1.0
2015-06-26,266,84.49,84.83,81.43,82.24,82.24,2823707.0,0.0,1.0
2015-06-29,267,81.0,83.27,80.54,80.96,80.96,1067993.0,0.0,1.0
2015-06-30,268,82.0,82.515,81.32,81.74,81.74,647026.0,0.0,1.0
2015-07-01,269,82.6,83.5,81.59,81.84,81.84,599499.0,0.0,1.0
2015-07-02,270,82.19,83.0,81.37,81.86,81.86,512463.0,0.0,1.0
2015-07-06,271,81.52,82.24,80.1,80.82,80.82,810374.0,0.0,1.0
2015-07-07,272,81.0,81.932,76.62,79.85,79.85,1006334.0,0.0,1.0
2015-07-08,273,79.39,79.39,77.01,77.49,77.49,735676.0,0.0,1.0
2015-07-09,274,78.94,79.4,78.0,78.29,78.29,465229.0,0.0,1.0
2015-07-10,275,79.34,80.75,78.75,80.53,80.53,397871.0,0.0,1.0
2015-07-13,276,81.19,81.55,78.51,79.47,79.47,492662.0,0.0,1.0
2015-07-14,277,80.29,82.07,79.5,81.55,81.55,478422.0,0.0,1.0
2015-07-15,278,81.36,82.85,81.35,81.88,81.88,503789.0,0.0,1.0
2015-07-16,279,82.8,84.61,82.03,83.93,83.93,782004.0,0.0,1.0
2015-07-17,280,84.29,84.78,83.8,84.7,84.7,464902.0,0.0,1.0
2015-07-20,281,85.0,86.1699,83.48,84.06,84.06,516171.0,0.0,1.0
2015-07-21,282,84.27,84.68,83.07,83.58,83.58,349962.0,0.0,1.0
2015-07-22,283,83.03,85.8,82.68,85.2,85.2,573763.0,0.0,1.0
2015-07-23,284,85.2,88.25,83.76,84.19,84.19,817840.0,0.0,1.0
2015-07-24,285,84.9,86.695,84.5,84.72,84.72,448434.0,0.0,1.0
2015-07-27,286,85.25,85.25,82.27,82.74,82.74,349714.0,0.0,1.0
2015-07-28,287,82.96,83.89,80.41,80.75,80.75,646418.0,0.0,1.0
2015-07-29,288,81.01,81.92,79.102,80.41,80.41,734148.0,0.0,1.0
2015-07-30,289,80.54,85.05,79.89,84.97,84.97,545210.0,0.0,1.0
2015-07-31,290,85.81,85.83,83.65,84.47,84.47,590952.0,0.0,1.0
2015-08-03,291,84.29,84.71,83.21,84.63,84.63,399289.0,0.0,1.0
2015-08-04,292,84.14,84.53,82.285,82.94,82.94,444114.0,0.0,1.0
2015-08-05,293,83.21,85.6,83.21,84.59,84.59,446305.0,0.0,1.0
2015-08-06,294,84.06,84.8785,81.24,81.58,81.58,1203001.0,0.0,1.0
2015-08-07,295,82.66,87.6,81.68,84.08,84.08,2246262.0,0.0,1.0
2015-08-10,296,84.5,85.5,81.7,83.52,83.52,792407.0,0.0,1.0
2015-08-11,297,82.79,83.61,78.41,79.52,79.52,793041.0,0.0,1.0
2015-08-12,298,79.12,80.93,78.013,80.35,80.35,597997.0,0.0,1.0
2015-08-13,299,80.45,81.97,80.36,81.39,81.39,327254.0,0.0,1.0
2015-08-14,300,81.22,81.99,79.91,80.8,80.8,345253.0,0.0,1.0
2015-08-17,301,79.78,82.57,79.44,81.98,81.98,334135.0,0.0,1.0
2015-08-18,302,81.99,81.99,79.84,79.88,79.88,400448.0,0.0,1.0
2015-08-19,303,78.32,80.58,77.69,79.54,79.54,395545.0,0.0,1.0
2015-08-20,304,79.26,79.52,73.99,74.09,74.09,669371.0,0.0,1.0
2015-08-21,305,72.84,76.3,71.25,73.97,73.97,853837.0,0.0,1.0
2015-08-24,306,70.01,75.36,63.36,71.62,71.62,1249877.0,0.0,1.0
2015-08-25,307,73.19,74.94,72.01,72.05,72.05,407118.0,0.0,1.0
2015-08-26,308,73.67,74.84,72.5,74.67,74.67,548484.0,0.0,1.0
2015-08-27,309,75.1,76.58,74.29,75.24,75.24,419890.0,0.0,1.0
2015-08-28,310,75.99,76.9,74.71600000000002,76.37,76.37,295267.0,0.0,1.0
2015-08-31,311,75.92,76.27,74.22,74.79,74.79,308178.0,0.0,1.0
2015-09-01,312,73.3,74.52,71.72,71.91,71.91,629362.0,0.0,1.0
2015-09-02,313,73.54,73.6894,70.5,73.2,73.2,704704.0,0.0,1.0
2015-09-03,314,73.75,74.86,73.04,73.96,73.96,589190.0,0.0,1.0
2015-09-04,315,73.13,75.36,73.13,74.87,74.87,579441.0,0.0,1.0
2015-09-08,316,75.67,78.77,75.4,78.26,78.26,803364.0,0.0,1.0
2015-09-09,317,78.5,78.5,73.79,74.03,74.03,796845.0,0.0,1.0
2015-09-10,318,73.73,74.39,69.63,69.88,69.88,1170872.0,0.0,1.0
2015-09-11,319,69.17,69.21,61.06,64.46,64.46,3455189.0,0.0,1.0
2015-09-14,320,65.46,66.48,62.685,63.19,63.19,1506740.0,0.0,1.0
2015-09-15,321,64.02,65.26,62.04,63.5,63.5,981157.0,0.0,1.0
2015-09-16,322,64.0,64.39,62.187,63.51,63.51,1066864.0,0.0,1.0
2015-09-17,323,63.76,66.0,63.6,64.73,64.73,1119055.0,0.0,1.0
2015-09-18,324,64.31,67.93,64.30199999999999,66.88,66.88,2298742.0,0.0,1.0
2015-09-21,325,67.72,67.85,65.11,66.67,66.67,1139459.0,0.0,1.0
2015-09-22,326,65.61,66.99,65.09,66.36,66.36,957946.0,0.0,1.0
2015-09-23,327,66.28,66.44,64.99,65.52,65.52,845019.0,0.0,1.0
2015-09-24,328,65.54,65.9199,63.6,65.0,65.0,1051810.0,0.0,1.0
2015-09-25,329,65.29,65.83,63.12,63.5,63.5,719721.0,0.0,1.0
2015-09-28,330,63.5,64.85,61.33,62.24,62.24,1191229.0,0.0,1.0
2015-09-29,331,62.53,63.28,60.095,60.87,60.87,515599.0,0.0,1.0
2015-09-30,332,61.2,61.55,60.49,61.19,61.19,500790.0,0.0,1.0
2015-10-01,333,61.12,61.71,59.7,61.0,61.0,709796.0,0.0,1.0
2015-10-02,334,60.43,62.9,60.38,62.8,62.8,537121.0,0.0,1.0
2015-10-05,335,63.45,64.41,63.15,63.91,63.91,679078.0,0.0,1.0
2015-10-06,336,63.74,69.0,61.74,67.38,67.38,1721987.0,0.0,1.0
2015-10-07,337,67.35,68.96,65.82,66.97,66.97,820525.0,0.0,1.0
2015-10-08,338,66.5,67.72,65.59,66.75,66.75,449036.0,0.0,1.0
2015-10-09,339,67.07,67.54,65.4019,67.21,67.21,399168.0,0.0,1.0
2015-10-12,340,67.26,67.66,65.8,66.6,66.6,499429.0,0.0,1.0
2015-10-13,341,65.75,68.03,65.56,65.67,65.67,493152.0,0.0,1.0
2015-10-14,342,65.78,66.05,64.8,64.93,64.93,464372.0,0.0,1.0
2015-10-15,343,66.23,67.97,65.68,67.3,67.3,488621.0,0.0,1.0
2015-10-16,344,67.45,67.83,66.8,67.6,67.6,281443.0,0.0,1.0
2015-10-19,345,67.51,67.91,65.69,65.95,65.95,308618.0,0.0,1.0
2015-10-20,346,65.88,67.34,64.28,64.66,64.66,604722.0,0.0,1.0
2015-10-21,347,65.01,65.31,62.99,64.47,64.47,463183.0,0.0,1.0
2015-10-22,348,64.39,67.75,64.39,67.13,67.13,515743.0,0.0,1.0
2015-10-23,349,67.8,69.0,67.4,68.4,68.4,608150.0,0.0,1.0
2015-10-26,350,68.2,68.69,67.4,67.97,67.97,224415.0,0.0,1.0
2015-10-27,351,67.65,68.72,65.62,65.9,65.9,392801.0,0.0,1.0
2015-10-28,352,65.96,66.845,65.06,66.01,66.01,520854.0,0.0,1.0
2015-10-29,353,65.57,65.88,64.431,65.16,65.16,585465.0,0.0,1.0
2015-10-30,354,65.6,66.16,64.1,64.51,64.51,489325.0,0.0,1.0
2015-11-02,355,62.5,63.25,58.7701,61.9,61.9,1177444.0,0.0,1.0
2015-11-03,356,61.9,62.58,60.26,62.23,62.23,869334.0,0.0,1.0
2015-11-04,357,62.43,63.47,62.242,63.0,63.0,592677.0,0.0,1.0
2015-11-05,358,62.68,63.04,61.415,61.96,61.96,1227399.0,0.0,1.0
2015-11-06,359,65.05,71.9499,64.8,70.46,70.46,3089543.0,0.0,1.0
2015-11-09,360,71.04,72.62,65.54,68.9,68.9,1231810.0,0.0,1.0
2015-11-10,361,68.4,68.9,67.8001,68.9,68.9,481818.0,0.0,1.0
2015-11-11,362,68.89,68.97,67.15,67.25,67.25,424874.0,0.0,1.0
2015-11-12,363,66.97,67.72,65.46,65.88,65.88,460802.0,0.0,1.0
2015-11-13,364,65.56,66.37,64.66,65.19,65.19,438413.0,0.0,1.0
2015-11-16,365,65.11,68.0,64.8,67.88,67.88,424008.0,0.0,1.0
2015-11-17,366,67.89,69.87,67.59,69.15,69.15,682962.0,0.0,1.0
2015-11-18,367,68.73,69.74,68.365,69.69,69.69,483899.0,0.0,1.0
2015-11-19,368,69.44,71.75,69.04,71.43,71.43,541058.0,0.0,1.0
2015-11-20,369,71.54,72.73,71.21,71.42,71.42,498523.0,0.0,1.0
2015-11-23,370,71.3,74.3,71.27,73.97,73.97,679486.0,0.0,1.0
2015-11-24,371,73.39,75.0,73.06,74.68,74.68,483263.0,0.0,1.0
2015-11-25,372,74.52,74.83,73.02,73.76,73.76,463644.0,0.0,1.0
2015-11-27,373,73.97,73.97,72.48,73.0,73.0,138319.0,0.0,1.0
2015-11-30,374,73.58,73.98,72.75,73.52,73.52,415534.0,0.0,1.0
2015-12-01,375,73.73,74.5,72.2,74.3,74.3,296636.0,0.0,1.0
2015-12-02,376,74.52,75.91,74.12,75.32,75.32,435020.0,0.0,1.0
2015-12-03,377,75.35,75.98,74.86,75.22,75.22,541648.0,0.0,1.0
2015-12-04,378,75.13,75.185,72.59,74.2,74.2,273887.0,0.0,1.0
2015-12-07,379,73.89,74.89,72.72,74.22,74.22,380739.0,0.0,1.0
2015-12-08,380,73.26,73.83,71.57,73.2,73.2,455298.0,0.0,1.0
2015-12-09,381,73.42,73.79,71.59,71.84,71.84,297851.0,0.0,1.0
2015-12-10,382,72.5,72.7,69.77,70.5,70.5,326017.0,0.0,1.0
2015-12-11,383,70.0,70.825,67.35,67.54,67.54,494476.0,0.0,1.0
2015-12-14,384,67.78,72.71,67.71,70.38,70.38,1051394.0,0.0,1.0
2015-12-15,385,70.71,72.315,70.0,71.81,71.81,536394.0,0.0,1.0
2015-12-16,386,71.31,72.3,70.18,71.6,71.6,737900.0,0.0,1.0
2015-12-17,387,72.08,73.61,71.5,72.86,72.86,725300.0,0.0,1.0
2015-12-18,388,72.77,73.0,69.91,70.27,70.27,3478520.0,0.0,1.0
2015-12-21,389,70.67,71.65,70.16,71.56,71.56,503610.0,0.0,1.0
2015-12-22,390,71.49,73.57,71.14,72.75,72.75,489079.0,0.0,1.0
2015-12-23,391,73.2,74.78,72.75,74.75,74.75,533708.0,0.0,1.0
2015-12-24,392,74.39,75.21,74.39,75.01,75.01,273032.0,0.0,1.0
2015-12-28,393,74.59,78.74,74.51,78.04,78.04,1226955.0,0.0,1.0
2015-12-29,394,78.0,79.44,77.58,78.7,78.7,825332.0,0.0,1.0
2015-12-30,395,78.42,79.38,78.0,78.75,78.75,660193.0,0.0,1.0
2015-12-31,396,78.22,79.435,77.73,77.84,77.84,464550.0,0.0,1.0
2016-01-04,397,77.85,78.0,75.76,77.4,77.4,1038386.0,0.0,1.0
2016-01-05,398,78.18,79.225,77.35,78.28,78.28,816257.0,0.0,1.0
2016-01-06,399,77.53,78.175,72.2201,73.53,73.53,1331976.0,0.0,1.0
2016-01-07,400,72.2,72.46,67.76,68.75,68.75,1005853.0,0.0,1.0
2016-01-08,401,69.84,70.86,68.19,68.87,68.87,751097.0,0.0,1.0
2016-01-11,402,69.49,69.49,66.3742,68.01,68.01,592397.0,0.0,1.0
2016-01-12,403,68.82,69.67,65.065,66.48,66.48,585059.0,0.0,1.0
2016-01-13,404,66.94,67.92,63.81,64.71,64.71,609704.0,0.0,1.0
2016-01-14,405,65.63,66.33,63.76,65.39,65.39,643022.0,0.0,1.0
2016-01-15,406,64.03,65.12,62.2,64.85,64.85,646358.0,0.0,1.0
2016-01-19,407,65.5,65.61,61.87,62.6,62.6,798032.0,0.0,1.0
2016-01-20,408,61.63,63.43,59.45,63.36,63.36,1020486.0,0.0,1.0
2016-01-21,409,63.15,64.31,62.035,62.54,62.54,583363.0,0.0,1.0
2016-01-22,410,63.31,65.34,63.2417,64.33,64.33,495367.0,0.0,1.0
2016-01-25,411,64.33,64.35,59.83,59.9,59.9,1105509.0,0.0,1.0
2016-01-26,412,60.04,61.38,58.54,60.01,60.01,1028351.0,0.0,1.0
2016-01-27,413,61.5,62.3625,60.74,60.85,60.85,685178.0,0.0,1.0
2016-01-28,414,61.35,61.63,58.35,59.45,59.45,795250.0,0.0,1.0
2016-01-29,415,59.96,60.18,59.1,60.03,60.03,795860.0,0.0,1.0
2016-02-01,416,59.56,59.56,57.01,59.26,59.26,993156.0,0.0,1.0
2016-02-02,417,59.0,60.75,53.52,57.64,57.64,1668999.0,0.0,1.0
2016-02-03,418,58.78,62.48,58.5001,61.95,61.95,1429605.0,0.0,1.0
2016-02-04,419,61.87,63.2795,61.59,62.37,62.37,703309.0,0.0,1.0
2016-02-05,420,62.05,62.05,59.03,59.22,59.22,698786.0,0.0,1.0
2016-02-08,421,58.28,58.47,52.67,53.96,53.96,1307987.0,0.0,1.0
2016-02-09,422,53.55,54.995,52.505,53.0,53.0,980904.0,0.0,1.0
2016-02-10,423,53.53,55.18,52.8474,53.57,53.57,720259.0,0.0,1.0
2016-02-11,424,53.13,54.9,52.77,54.37,54.37,834497.0,0.0,1.0
2016-02-12,425,55.0,56.7,54.67,56.24,56.24,469242.0,0.0,1.0
2016-02-16,426,57.1,59.33,57.1,59.15,59.15,960953.0,0.0,1.0
2016-02-17,427,59.5,61.12,58.87,59.86,59.86,769994.0,0.0,1.0
2016-02-18,428,60.14,60.38,57.73,58.15,58.15,1667059.0,0.0,1.0
2016-02-19,429,61.99,67.25,61.57,65.0,65.0,4317301.0,0.0,1.0
2016-02-22,430,66.0,66.67,65.05,65.4,65.4,885379.0,0.0,1.0
2016-02-23,431,65.9,67.06,65.05,65.96,65.96,701226.0,0.0,1.0
2016-02-24,432,66.35,67.53,65.07,67.43,67.43,803699.0,0.0,1.0
2016-02-25,433,67.72,68.87,66.53,67.66,67.66,603188.0,0.0,1.0
2016-02-26,434,67.5,69.37,67.23,69.02,69.02,712682.0,0.0,1.0
2016-02-29,435,69.01,69.99,68.5,68.54,68.54,629130.0,0.0,1.0
2016-03-01,436,68.77,69.27,66.7504,69.24,69.24,557801.0,0.0,1.0
2016-03-02,437,68.09,68.19,66.25,66.7,66.7,934740.0,0.0,1.0
2016-03-03,438,66.24,67.592,65.155,67.1,67.1,1004822.0,0.0,1.0
2016-03-04,439,67.14,67.7,64.23,64.25,64.25,994773.0,0.0,1.0
2016-03-07,440,64.16,65.63,63.06,64.4,64.4,2063573.0,0.0,1.0
2016-03-08,441,64.19,64.46,61.76,61.88,61.88,844930.0,0.0,1.0
2016-03-09,442,62.53,64.09,61.94,63.74,63.74,737555.0,0.0,1.0
2016-03-10,443,63.61,65.1,60.36,61.11,61.11,1048678.0,0.0,1.0
2016-03-11,444,61.42,63.03,61.2,62.81,62.81,665637.0,0.0,1.0
2016-03-14,445,61.82,61.82,55.65,56.53,56.53,3251525.0,0.0,1.0
2016-03-15,446,56.53,57.32,56.02,56.1,56.1,1183273.0,0.0,1.0
2016-03-16,447,55.52,58.33,55.0011,57.76,57.76,1193832.0,0.0,1.0
2016-03-17,448,57.54,59.03,56.25,58.51,58.51,822907.0,0.0,1.0
2016-03-18,449,58.46,59.48,58.08,58.37,58.37,864394.0,0.0,1.0
2016-03-21,450,58.75,61.33,58.27,60.8,60.8,1371224.0,0.0,1.0
2016-03-22,451,60.09,60.659,59.41,59.51,59.51,706970.0,0.0,1.0
2016-03-23,452,59.48,60.69,59.0,59.47,59.47,716765.0,0.0,1.0
2016-03-24,453,58.73,59.95,58.42,59.01,59.01,457227.0,0.0,1.0
2016-03-28,454,59.34,59.89,58.44,59.08,59.08,578520.0,0.0,1.0
2016-03-29,455,59.19,62.41,57.89,61.89,61.89,1074379.0,0.0,1.0
2016-03-30,456,62.69,62.78,61.15,62.41,62.41,948138.0,0.0,1.0
2016-03-31,457,62.34,63.975,61.77,63.1,63.1,608293.0,0.0,1.0
2016-04-01,458,62.37,63.0,60.6,62.14,62.14,846653.0,0.0,1.0
2016-04-04,459,62.2,63.79,61.95,63.37,63.37,594550.0,0.0,1.0
2016-04-05,460,63.07,63.5,61.79,62.62,62.62,600704.0,0.0,1.0
2016-04-06,461,62.92,65.0,62.24,64.94,64.94,721958.0,0.0,1.0
2016-04-07,462,64.68,65.2,63.2,64.12,64.12,671106.0,0.0,1.0
2016-04-08,463,64.54,66.19,63.99,65.01,65.01,554489.0,0.0,1.0
2016-04-11,464,64.96,65.2,63.52,63.56,63.56,463574.0,0.0,1.0
2016-04-12,465,63.14,63.594,61.55,61.87,61.87,651593.0,0.0,1.0
2016-04-13,466,62.58,64.76,61.8909,64.67,64.67,448269.0,0.0,1.0
2016-04-14,467,64.4,64.96,63.0596,64.49,64.49,283010.0,0.0,1.0
2016-04-15,468,63.87,64.02,62.65,63.39,63.39,469959.0,0.0,1.0
2016-04-18,469,62.98,64.76,62.4,63.88,63.88,474809.0,0.0,1.0
2016-04-19,470,63.14,63.823,62.2,63.05,63.05,645699.0,0.0,1.0
2016-04-20,471,62.88,64.2451,61.83,63.95,63.95,342029.0,0.0,1.0
2016-04-21,472,64.08,64.08,62.12,63.22,63.22,412500.0,0.0,1.0
2016-04-22,473,63.69,65.72,63.015,65.65,65.65,469823.0,0.0,1.0
2016-04-25,474,64.94,66.41,64.56,65.91,65.91,598175.0,0.0,1.0
2016-04-26,475,65.87,66.71,65.4,66.0,66.0,483886.0,0.0,1.0
2016-04-27,476,65.46,66.84,63.87,66.73,66.73,605503.0,0.0,1.0
2016-04-28,477,66.12,66.72,65.593,65.76,65.76,454200.0,0.0,1.0
2016-04-29,478,65.79,66.83,65.05,66.62,66.62,667461.0,0.0,1.0
2016-05-02,479,67.05,67.24,66.01,67.07,67.07,668934.0,0.0,1.0
2016-05-03,480,66.65,66.65,64.175,64.27,64.27,591303.0,0.0,1.0
2016-05-04,481,63.79,64.09,61.8501,62.55,62.55,829111.0,0.0,1.0
2016-05-05,482,63.02,63.6499,62.14,63.58,63.58,1150477.0,0.0,1.0
2016-05-06,483,65.42,67.4,62.01,66.83,66.83,2363065.0,0.0,1.0
2016-05-09,484,66.81,67.19,64.89,65.26,65.26,930502.0,0.0,1.0
2016-05-10,485,65.82,68.645,65.72,67.53,67.53,1278227.0,0.0,1.0
2016-05-11,486,67.23,68.22,67.02,67.31,67.31,669960.0,0.0,1.0
2016-05-12,487,67.47,67.47,65.23,66.57,66.57,823048.0,0.0,1.0
2016-05-13,488,66.15,68.0,65.9,67.46,67.46,824358.0,0.0,1.0
2016-05-16,489,67.36,68.5,67.26,68.01,68.01,823896.0,0.0,1.0
2016-05-17,490,67.98,68.26,66.8,66.9,66.9,401929.0,0.0,1.0
2016-05-18,491,66.42,68.86,66.01,68.03,68.03,831355.0,0.0,1.0
2016-05-19,492,68.01,69.14,67.465,68.2,68.2,720014.0,0.0,1.0
2016-05-20,493,68.35,70.25,68.2373,70.12,70.12,926120.0,0.0,1.0
2016-05-23,494,69.68,72.425,69.43,71.59,71.59,834396.0,0.0,1.0
2016-05-24,495,71.6,72.5,71.03,72.32,72.32,568565.0,0.0,1.0
2016-05-25,496,72.5,72.82,71.71,71.96,71.96,617293.0,0.0,1.0
2016-05-26,497,71.67,72.33,71.27,72.02,72.02,614062.0,0.0,1.0
2016-05-27,498,72.0,72.88,71.13,72.86,72.86,768253.0,0.0,1.0
2016-05-31,499,73.0,73.58,72.6,73.29,73.29,522292.0,0.0,1.0
2016-06-01,500,72.73,74.18,72.1,74.08,74.08,492467.0,0.0,1.0
2016-06-02,501,74.1,74.9,73.675,74.9,74.9,609302.0,0.0,1.0
2016-06-03,502,74.9,75.34,74.21,75.08,75.08,831218.0,0.0,1.0
2016-06-06,503,75.0,75.4,74.3,74.66,74.66,417370.0,0.0,1.0
2016-06-07,504,74.66,74.99,74.0,74.58,74.58,688871.0,0.0,1.0
2016-06-08,505,74.35,75.2,73.53,74.82,74.82,646074.0,0.0,1.0
2016-06-09,506,74.68,75.32,74.18,75.12,75.12,484742.0,0.0,1.0
2016-06-10,507,74.59,74.87,72.85,73.08,73.08,435055.0,0.0,1.0
2016-06-13,508,72.55,72.9,71.67,72.21,72.21,678141.0,0.0,1.0
2016-06-14,509,72.0,72.64,71.695,72.45,72.45,704788.0,0.0,1.0
2016-06-15,510,72.81,73.46,72.61,73.08,73.08,666321.0,0.0,1.0
2016-06-16,511,72.69,73.365,71.89,72.51,72.51,666292.0,0.0,1.0
2016-06-17,512,72.66,73.2,71.95,72.06,72.06,580241.0,0.0,1.0
2016-06-20,513,73.15,73.62,72.325,72.5,72.5,347223.0,0.0,1.0
2016-06-21,514,72.47,72.73,71.34,72.62,72.62,454267.0,0.0,1.0
2016-06-22,515,72.48,72.775,69.71,71.36,71.36,1155927.0,0.0,1.0
2016-06-23,516,72.0,73.82,71.58,73.82,73.82,756188.0,0.0,1.0
2016-06-24,517,68.03,71.0,66.4,66.65,66.65,2178290.0,0.0,1.0
2016-06-27,518,63.18,63.5,60.51,60.93,60.93,2730025.0,0.0,1.0
2016-06-28,519,61.65,62.42,60.56,62.0,62.0,609364.0,0.0,1.0
2016-06-29,520,62.84,64.09,62.1,63.76,63.76,745782.0,0.0,1.0
2016-06-30,521,63.91,64.42,62.92,64.38,64.38,505983.0,0.0,1.0
2016-07-01,522,64.56,65.13,63.04,63.66,63.66,612738.0,0.0,1.0
2016-07-05,523,63.0,63.59,62.21,63.45,63.45,591122.0,0.0,1.0
2016-07-06,524,63.18,64.67,62.77,64.63,64.63,889139.0,0.0,1.0
2016-07-07,525,64.72,66.2,64.72,66.0,66.0,587618.0,0.0,1.0
2016-07-08,526,66.49,68.22,66.06,67.73,67.73,624660.0,0.0,1.0
2016-07-11,527,68.66,71.54,68.66,69.8,69.8,1257203.0,0.0,1.0
2016-07-12,528,70.56,70.85,69.98,70.09,70.09,871183.0,0.0,1.0
2016-07-13,529,70.22,70.99,69.53,70.26,70.26,951878.0,0.0,1.0
2016-07-14,530,70.49,70.77,69.1201,70.0,70.0,606155.0,0.0,1.0
2016-07-15,531,70.35,70.44,69.38,69.99,69.99,443108.0,0.0,1.0
2016-07-18,532,70.23,71.55,70.12,71.38,71.38,778383.0,0.0,1.0
2016-07-19,533,71.2,71.64,70.6,70.96,70.96,359510.0,0.0,1.0
2016-07-20,534,70.96,71.45,69.64,71.29,71.29,1103074.0,0.0,1.0
2016-07-21,535,71.42,71.91,70.29,70.37,70.37,389314.0,0.0,1.0
2016-07-22,536,70.46,71.363,70.32,70.46,70.46,446352.0,0.0,1.0
2016-07-25,537,70.46,71.54,70.4101,71.17,71.17,512172.0,0.0,1.0
2016-07-26,538,71.18,71.77,70.8,70.99,70.99,634361.0,0.0,1.0
2016-07-27,539,71.5,71.5,70.13,70.7,70.7,486490.0,0.0,1.0
2016-07-28,540,70.73,70.846,68.84,69.62,69.62,719276.0,0.0,1.0
2016-07-29,541,69.63,71.42,69.23,71.27,71.27,534561.0,0.0,1.0
2016-08-01,542,71.14,72.44,71.0452,72.12,72.12,548206.0,0.0,1.0
2016-08-02,543,72.0,72.0,69.95,70.19,70.19,728237.0,0.0,1.0
2016-08-03,544,70.37,71.36,70.21,71.3,71.3,539512.0,0.0,1.0
2016-08-04,545,71.0,72.31,70.82,71.99,71.99,805126.0,0.0,1.0
2016-08-05,546,68.75,72.44,68.75,71.75,71.75,1876142.0,0.0,1.0
2016-08-08,547,72.18,72.88,71.84,72.07,72.07,1047196.0,0.0,1.0
2016-08-09,548,72.38,74.08,72.18,74.06,74.06,900765.0,0.0,1.0
2016-08-10,549,73.8,74.16,73.25,74.0,74.0,474682.0,0.0,1.0
2016-08-11,550,74.0,76.0,73.825,75.46,75.46,887927.0,0.0,1.0
2016-08-12,551,75.45,75.89,75.06,75.78,75.78,571235.0,0.0,1.0
2016-08-15,552,75.54,78.35,75.27,78.25,78.25,1294910.0,0.0,1.0
2016-08-16,553,77.99,78.28,76.83,77.6,77.6,843733.0,0.0,1.0
2016-08-17,554,77.58,77.84,76.71,77.34,77.34,651999.0,0.0,1.0
2016-08-18,555,77.8,79.08,77.8,79.03,79.03,984391.0,0.0,1.0
2016-08-19,556,79.13,79.7,78.52,79.12,79.12,777465.0,0.0,1.0
2016-08-22,557,78.69,79.03,77.17,77.48,77.48,696384.0,0.0,1.0
2016-08-23,558,76.56,78.28,76.01,78.04,78.04,920558.0,0.0,1.0
2016-08-24,559,78.39,78.84,77.35,77.53,77.53,411849.0,0.0,1.0
2016-08-25,560,77.1,78.88,76.9954,78.79,78.79,527303.0,0.0,1.0
2016-08-26,561,78.5,79.49,77.821,78.99,78.99,552409.0,0.0,1.0
2016-08-29,562,78.81,79.88,78.62,79.77,79.77,695664.0,0.0,1.0
2016-08-30,563,79.36,80.48,78.92,79.69,79.69,718390.0,0.0,1.0
2016-08-31,564,79.71,79.82,78.91,79.68,79.68,489342.0,0.0,1.0
2016-09-01,565,79.93,80.39,79.29,79.67,79.67,672804.0,0.0,1.0
2016-09-02,566,80.08,81.09,79.3,80.95,80.95,721149.0,0.0,1.0
2016-09-06,567,80.94,81.6899,80.14,81.19,81.19,488328.0,0.0,1.0
2016-09-07,568,80.88,81.84,80.7163,81.35,81.35,430970.0,0.0,1.0
2016-09-08,569,81.25,81.75,80.98,81.35,81.35,340064.0,0.0,1.0
2016-09-09,570,80.9,81.79,79.74,79.76,79.76,537751.0,0.0,1.0
2016-09-12,571,79.16,81.26,78.16,80.9,80.9,528676.0,0.0,1.0
2016-09-13,572,80.5,81.24,80.13,80.73,80.73,597875.0,0.0,1.0
2016-09-14,573,80.74,84.27,80.73,83.13,83.13,1804651.0,0.0,1.0
2016-09-15,574,82.53,84.69,82.19,84.43,84.43,679396.0,0.0,1.0
2016-09-16,575,84.07,85.1,83.7,85.03,85.03,1174001.0,0.0,1.0
2016-09-19,576,83.48,83.98,81.3,82.03,82.03,1027243.0,0.0,1.0
2016-09-20,577,82.3,83.29,81.61,81.82,81.82,634487.0,0.0,1.0
2016-09-21,578,82.26,83.86,82.26,83.77,83.77,434771.0,0.0,1.0
2016-09-22,579,84.4,85.59,84.274,85.33,85.33,711001.0,0.0,1.0
2016-09-23,580,84.9,85.94,84.24,85.72,85.72,705637.0,0.0,1.0
2016-09-26,581,84.97,85.36,84.381,85.09,85.09,329771.0,0.0,1.0
2016-09-27,582,84.64,86.32,84.64,86.32,86.32,472627.0,0.0,1.0
2016-09-28,583,85.88,86.35,85.14,85.76,85.76,792631.0,0.0,1.0
2016-09-29,584,85.79,86.26,84.405,85.22,85.22,540910.0,0.0,1.0
2016-09-30,585,85.64,85.86,84.37,85.08,85.08,711014.0,0.0,1.0
2016-10-03,586,84.91,85.52,84.58,85.05,85.05,621885.0,0.0,1.0
2016-10-04,587,85.59,85.785,84.76,85.25,85.25,406043.0,0.0,1.0
2016-10-05,588,85.81,85.99,84.88,84.97,84.97,524386.0,0.0,1.0
2016-10-06,589,85.11,85.5,84.56,85.47,85.47,341181.0,0.0,1.0
2016-10-07,590,85.69,85.75,84.821,85.14,85.14,340529.0,0.0,1.0
2016-10-10,591,85.7,87.62,84.99,86.53,86.53,1058081.0,0.0,1.0
2016-10-11,592,86.5,86.5,82.41,83.01,83.01,639986.0,0.0,1.0
2016-10-12,593,82.8,82.99,81.74,82.09,82.09,366792.0,0.0,1.0
2016-10-13,594,80.55,81.09,78.82,80.76,80.76,693744.0,0.0,1.0
2016-10-14,595,82.0,82.69,79.75,80.45,80.45,495882.0,0.0,1.0
2016-10-17,596,80.49,81.12,79.72,80.72,80.72,446845.0,0.0,1.0
2016-10-18,597,81.67,81.82,80.82,80.86,80.86,235795.0,0.0,1.0
2016-10-19,598,80.76,82.12,80.17,81.9,81.9,355843.0,0.0,1.0
2016-10-20,599,81.92,82.12,81.3,81.86,81.86,235168.0,0.0,1.0
2016-10-21,600,81.65,83.83,80.88,83.58,83.58,366891.0,0.0,1.0
2016-10-24,601,84.48,84.65,83.9,84.03,84.03,258400.0,0.0,1.0
2016-10-25,602,84.62,85.12,84.21,84.32,84.32,298543.0,0.0,1.0
2016-10-26,603,84.0,84.895,83.86,84.22,84.22,338263.0,0.0,1.0
2016-10-27,604,84.47,84.7,83.56,84.61,84.61,533187.0,0.0,1.0
2016-10-28,605,84.46,86.3,83.78,85.1,85.1,930697.0,0.0,1.0
2016-10-31,606,85.1,85.7997,84.6,84.75,84.75,685285.0,0.0,1.0
2016-11-01,607,84.37,85.48,83.12,84.17,84.17,745896.0,0.0,1.0
2016-11-02,608,84.32,84.84,82.54,82.91,82.91,568802.0,0.0,1.0
2016-11-03,609,83.4,83.92,81.5,82.08,82.08,1033073.0,0.0,1.0
2016-11-04,610,80.9,84.23,79.05,83.31,83.31,1839415.0,0.0,1.0
2016-11-07,611,84.62,85.9,83.95,85.84,85.84,1274809.0,0.0,1.0
2016-11-08,612,86.0,86.58,84.37,86.07,86.07,843812.0,0.0,1.0
2016-11-09,613,83.83,85.73,82.5,85.4,85.4,837000.0,0.0,1.0
2016-11-10,614,86.24,87.185,84.69,85.91,85.91,1079033.0,0.0,1.0
2016-11-11,615,85.83,86.5799,84.73,86.15,86.15,728328.0,0.0,1.0
2016-11-14,616,86.77,88.26,86.58,87.83,87.83,1197130.0,0.0,1.0
2016-11-15,617,87.79,88.88,86.0,87.79,87.79,1009129.0,0.0,1.0
2016-11-16,618,87.77,88.51,86.64,88.07,88.07,461470.0,0.0,1.0
2016-11-17,619,88.01,88.525,87.74,88.04,88.04,275640.0,0.0,1.0
2016-11-18,620,88.53,89.36,87.82,87.98,87.98,537018.0,0.0,1.0
2016-11-21,621,89.26,94.76,89.26,94.48,94.48,2402304.0,0.0,1.0
2016-11-22,622,94.48,94.94,94.07,94.78,94.78,855192.0,0.0,1.0
2016-11-23,623,94.75,95.47,94.5,95.19,95.19,488793.0,0.0,1.0
2016-11-25,624,94.75,95.0,93.59,94.66,94.66,365498.0,0.0,1.0
2016-11-28,625,95.06,96.06,94.11,95.97,95.97,620285.0,0.0,1.0
2016-11-29,626,96.0,96.84,95.29,95.53,95.53,593992.0,0.0,1.0
2016-11-30,627,96.08,96.68,94.54,94.81,94.81,666452.0,0.0,1.0
2016-12-01,628,94.74,96.25,92.101,93.3,93.3,783685.0,0.0,1.0
2016-12-02,629,92.81,94.93,92.06,93.17,93.17,846596.0,0.0,1.0
2016-12-05,630,92.57,93.67,91.93,92.75,92.75,768426.0,0.0,1.0
2016-12-06,631,93.05,94.73,92.33,93.86,93.86,681934.0,0.0,1.0
2016-12-07,632,94.61,98.22,93.56,97.87,97.87,1278458.0,0.0,1.0
2016-12-08,633,98.51,98.79,95.4,95.76,95.76,664188.0,0.0,1.0
2016-12-09,634,96.0,96.62,93.9701,94.41,94.41,512643.0,0.0,1.0
2016-12-12,635,93.52,94.0,91.04,93.14,93.14,908456.0,0.0,1.0
2016-12-13,636,93.24,95.62,93.24,95.03,95.03,611814.0,0.0,1.0
2016-12-14,637,94.94,98.9,93.79,97.88,97.88,1430270.0,0.0,1.0
2016-12-15,638,98.06,98.335,96.1835,96.79,96.79,988908.0,0.0,1.0
2016-12-16,639,96.77,98.81,96.37,96.68,96.68,888704.0,0.0,1.0
2016-12-19,640,97.34,98.78,97.34,97.94,97.94,927017.0,0.0,1.0
2016-12-20,641,97.83,98.769,97.75,98.0,98.0,554553.0,0.0,1.0
2016-12-21,642,98.06,98.7,97.86,97.95,97.95,326285.0,0.0,1.0
2016-12-22,643,97.95,98.55,96.51,96.86,96.86,479645.0,0.0,1.0
2016-12-23,644,96.84,97.4,96.56,96.93,96.93,138687.0,0.0,1.0
2016-12-27,645,97.2,98.742,97.2,97.82,97.82,448140.0,0.0,1.0
2016-12-28,646,98.05,98.49,96.57,97.25,97.25,434874.0,0.0,1.0
2016-12-29,647,97.24,97.87,96.22,96.73,96.73,239952.0,0.0,1.0
2016-12-30,648,97.18,97.53,96.46,96.77,96.77,250180.0,0.0,1.0
2017-01-03,649,97.54,98.29,96.675,97.06,97.06,548181.0,0.0,1.0
2017-01-04,650,97.49,102.28,97.45,101.73,101.73,2122051.0,0.0,1.0
2017-01-05,651,101.99,103.0,101.23,101.94,101.94,977256.0,0.0,1.0
2017-01-06,652,102.11,102.61,100.67,101.28,101.28,473835.0,0.0,1.0
2017-01-09,653,100.87,100.935,98.62,99.52,99.52,753348.0,0.0,1.0
2017-01-10,654,99.94,101.3,99.56,100.42,100.42,420613.0,0.0,1.0
2017-01-11,655,100.93,100.93,98.12,99.47,99.47,484748.0,0.0,1.0
2017-01-12,656,99.99,99.99,96.44,99.0,99.0,590813.0,0.0,1.0
2017-01-13,657,99.43,101.04,99.43,100.27,100.27,367759.0,0.0,1.0
2017-01-17,658,94.0,94.34,87.33,88.23,88.23,4583330.0,0.0,1.0
2017-01-18,659,87.9,91.0,87.6701,88.71,88.71,1240889.0,0.0,1.0
2017-01-19,660,89.38,89.92,88.67,89.72,89.72,632356.0,0.0,1.0
2017-01-20,661,90.62,90.9,89.41,89.8,89.8,732202.0,0.0,1.0
2017-01-23,662,89.81,89.88,87.5405,89.67,89.67,744108.0,0.0,1.0
2017-01-24,663,90.2,92.6,90.15,92.47,92.47,695625.0,0.0,1.0
2017-01-25,664,93.92,94.75,92.07,93.08,93.08,497486.0,0.0,1.0
2017-01-26,665,93.06,93.59,91.64,92.91,92.91,319623.0,0.0,1.0
2017-01-27,666,92.58,93.94,92.35,93.78,93.78,349636.0,0.0,1.0
2017-01-30,667,93.62,94.06,92.425,93.67,93.67,367927.0,0.0,1.0
2017-01-31,668,93.84,94.2,92.78,94.0,94.0,407090.0,0.0,1.0
2017-02-01,669,94.17,94.8,92.88,94.28,94.28,455253.0,0.0,1.0
2017-02-02,670,94.28,95.64,93.65,94.88,94.88,588854.0,0.0,1.0
2017-02-03,671,95.03,95.805,93.69,95.52,95.52,441517.0,0.0,1.0
2017-02-06,672,95.26,96.12,94.93,95.51,95.51,358550.0,0.0,1.0
2017-02-07,673,95.61,96.49,95.01,95.99,95.99,280302.0,0.0,1.0
2017-02-08,674,95.99,98.39,95.19,97.46,97.46,519519.0,0.0,1.0
2017-02-09,675,97.46,98.98,97.45,97.81,97.81,461118.0,0.0,1.0
2017-02-10,676,98.25,99.2,97.27,98.78,98.78,407855.0,0.0,1.0
2017-02-13,677,98.78,100.45,98.62,99.9,99.9,843504.0,0.0,1.0
2017-02-14,678,99.89,100.8,99.35,100.72,100.72,526315.0,0.0,1.0
2017-02-15,679,100.09,101.32,99.59,100.67,100.67,715620.0,0.0,1.0
2017-02-16,680,100.67,102.19,99.515,100.17,100.17,1763278.0,0.0,1.0
2017-02-17,681,111.0,119.45,110.31,119.06,119.06,59104.0,0.0,1.0
2017-02-21,682,118.95,123.12,118.56,122.62,122.62,1664556.0,0.0,1.0
2017-02-22,683,121.3,122.98,120.75,121.8,121.8,859981.0,0.0,1.0
2017-02-23,684,122.0,122.49,117.65,117.85,117.85,1142498.0,0.0,1.0
2017-02-24,685,117.0,120.65,115.855,120.59,120.59,898330.0,0.0,1.0
2017-02-27,686,121.47,121.68,119.88,120.39,120.39,621628.0,0.0,1.0
2017-02-28,687,119.96,120.95,118.75,118.99,118.99,649141.0,0.0,1.0
2017-03-01,688,120.0,121.11,118.78,120.64,120.64,777961.0,0.0,1.0
2017-03-02,689,120.51,121.75,119.34,119.49,119.49,470016.0,0.0,1.0
2017-03-03,690,119.51,120.26,118.6,119.97,119.97,501171.0,0.0,1.0
2017-03-06,691,118.97,120.73,117.951,119.43,119.43,734166.0,0.0,1.0
2017-03-07,692,119.79,122.6,118.705,121.08,121.08,931434.0,0.0,1.0
2017-03-08,693,121.51,125.0,120.49,123.53,123.53,1433255.0,0.0,1.0
2017-03-09,694,123.22,124.5,121.79,123.09,123.09,552194.0,0.0,1.0
2017-03-10,695,124.48,124.49,123.36,124.17,124.17,581916.0,0.0,1.0
2017-03-13,696,125.0,127.64,124.81,127.47,127.47,1121992.0,0.0,1.0
2017-03-14,697,127.53,127.837,126.01,127.0,127.0,729366.0,0.0,1.0
2017-03-15,698,128.0,128.49,126.27,128.28,128.28,1130124.0,0.0,1.0
2017-03-16,699,128.84,128.93,126.99,127.14,127.14,895925.0,0.0,1.0
2017-03-17,700,127.52,128.56,126.798,128.1,128.1,1029157.0,0.0,1.0
2017-03-20,701,129.69,131.43,129.46,130.33,130.33,715363.0,0.0,1.0
2017-03-21,702,131.28,131.32,127.63,127.97,127.97,1108878.0,0.0,1.0
2017-03-22,703,128.45,130.75,128.25799999999998,130.54,130.54,882278.0,0.0,1.0
2017-03-23,704,130.38,131.12,129.4,130.08,130.08,561437.0,0.0,1.0
2017-03-24,705,131.06,131.98,130.031,131.77,131.77,633812.0,0.0,1.0
2017-03-27,706,131.35,132.55,130.15,132.18,132.18,546564.0,0.0,1.0
2017-03-28,707,132.26,134.18,132.1,133.97,133.97,767504.0,0.0,1.0
2017-03-29,708,134.04,134.65,132.27,133.3,133.3,517385.0,0.0,1.0
2017-03-30,709,133.71,134.25,132.66,132.81,132.81,408033.0,0.0,1.0
2017-03-31,710,132.99,133.15,131.65,132.27,132.27,738214.0,0.0,1.0
2017-04-03,711,131.73,132.46,128.66,131.7,131.7,1039228.0,0.0,1.0
2017-04-04,712,130.75,133.71,130.2,133.2,133.2,1021258.0,0.0,1.0
2017-04-05,713,133.9,134.51,133.26,134.0,134.0,1571667.0,0.0,1.0
2017-04-06,714,133.53,135.27,132.545,134.4,134.4,917173.0,0.0,1.0
2017-04-07,715,132.87,133.7,132.23,132.45,132.45,611239.0,0.0,1.0
2017-04-10,716,132.45,134.1,132.05,133.27,133.27,420271.0,0.0,1.0
2017-04-11,717,132.98,134.25,131.47,133.33,133.33,497314.0,0.0,1.0
2017-04-12,718,133.75,133.75,130.09,131.47,131.47,727444.0,0.0,1.0
2017-04-13,719,131.85,133.612,131.16,131.36,131.36,326639.0,0.0,1.0
2017-04-17,720,131.41,133.2,131.12,132.75,132.75,480687.0,0.0,1.0
2017-04-18,721,132.75,133.65,132.08,132.96,132.96,322423.0,0.0,1.0
2017-04-19,722,133.42,134.8,133.11,133.83,133.83,450807.0,0.0,1.0
2017-04-20,723,135.15,137.09,134.04,136.47,136.47,722207.0,0.0,1.0
2017-04-21,724,136.47,136.75,135.02,136.66,136.66,421580.0,0.0,1.0
2017-04-24,725,138.1,139.39,136.91,139.0,139.0,669916.0,0.0,1.0
2017-04-25,726,139.2,140.32,138.66,139.42,139.42,595243.0,0.0,1.0
2017-04-26,727,139.6,139.98,137.87,139.36,139.36,704078.0,0.0,1.0
2017-04-27,728,137.0,139.84,137.0,139.65,139.65,630023.0,0.0,1.0
2017-04-28,729,139.21,139.96,138.36,139.64,139.64,923972.0,0.0,1.0
2017-05-01,730,139.51,141.918,138.611,141.1,141.1,705701.0,0.0,1.0
2017-05-02,731,141.54,141.91,138.95,141.19,141.19,949528.0,0.0,1.0
2017-05-03,732,140.99,141.85,139.71,140.68,140.68,679084.0,0.0,1.0
2017-05-04,733,141.75,142.9,138.38,140.2,140.2,1609690.0,0.0,1.0
2017-05-05,734,138.95,144.94,135.21,144.72,144.72,2258010.0,0.0,1.0
2017-05-08,735,145.0,147.55,141.32,142.75,142.75,890266.0,0.0,1.0
2017-05-09,736,143.51,145.58,142.62,144.93,144.93,692686.0,0.0,1.0
2017-05-10,737,145.66,146.03,143.78,145.43,145.43,713168.0,0.0,1.0
2017-05-11,738,145.01,146.45,144.26,146.02,146.02,563630.0,0.0,1.0
2017-05-12,739,145.68,147.15,144.765,146.82,146.82,476868.0,0.0,1.0
2017-05-15,740,147.39,148.129,146.51,147.42,147.42,582059.0,0.0,1.0
2017-05-16,741,148.12,148.6,146.1,147.45,147.45,1180908.0,0.0,1.0
2017-05-17,742,145.99,146.87,142.23,142.36,142.36,907234.0,0.0,1.0
2017-05-18,743,140.93,143.85,138.8,143.48,143.48,803916.0,0.0,1.0
2017-05-19,744,144.82,145.4,143.64,144.07,144.07,621899.0,0.0,1.0
2017-05-22,745,143.42,144.3,142.246,143.15,143.15,708070.0,0.0,1.0
2017-05-23,746,142.68,144.03,141.05,143.2,143.2,814410.0,0.0,1.0
2017-05-24,747,143.59,144.33,143.21,144.28,144.28,407620.0,0.0,1.0
2017-05-25,748,145.0,148.23,144.86,148.06,148.06,992116.0,0.0,1.0
2017-05-26,749,148.06,148.4,145.07,146.45,146.45,619146.0,0.0,1.0
2017-05-30,750,146.45,147.46,145.5,147.22,147.22,653309.0,0.0,1.0
2017-05-31,751,147.8,148.04,145.33,147.38,147.38,2609339.0,0.0,1.0
2017-06-01,752,147.51,148.95,144.31,148.52,148.52,1573794.0,0.0,1.0
2017-06-02,753,148.63,152.54,148.13,152.26,152.26,1281191.0,0.0,1.0
2017-06-05,754,152.26,154.89,152.26,154.33,154.33,928451.0,0.0,1.0
2017-06-06,755,153.56,157.268,153.26,155.35,155.35,648386.0,0.0,1.0
2017-06-07,756,156.24,156.77,154.85,156.05,156.05,624889.0,0.0,1.0
2017-06-08,757,155.54,157.32,154.725,157.27,157.27,585423.0,0.0,1.0
2017-06-09,758,157.56,158.56799999999996,147.01,149.46,149.46,1015677.0,0.0,1.0
2017-06-12,759,147.48,149.76,143.0,149.76,149.76,1153668.0,0.0,1.0
2017-06-13,760,150.95,153.37,149.39,151.78,151.78,630384.0,0.0,1.0
2017-06-14,761,151.85,153.38,148.925,151.05,151.05,550999.0,0.0,1.0
2017-06-15,762,149.37,151.33,147.905,151.23,151.23,539519.0,0.0,1.0
2017-06-16,763,152.37,153.15,151.05,151.58,151.58,1558087.0,0.0,1.0
2017-06-19,764,153.45,157.66,153.45,156.66,156.66,819145.0,0.0,1.0
2017-06-20,765,156.07,157.9,154.8,155.03,155.03,585908.0,0.0,1.0
2017-06-21,766,155.36,158.84,155.245,158.16,158.16,834130.0,0.0,1.0
2017-06-22,767,158.0,159.48,156.0,158.78,158.78,540253.0,0.0,1.0
2017-06-23,768,159.08,162.97,158.9,161.62,161.62,1527580.0,0.0,1.0
2017-06-26,769,161.74,162.28,156.0,157.78,157.78,913695.0,0.0,1.0
2017-06-27,770,157.38,158.58100000000005,152.52,152.82,152.82,755924.0,0.0,1.0
2017-06-28,771,153.97,155.82,151.77100000000004,155.27,155.27,738700.0,0.0,1.0
2017-06-29,772,154.78,155.18,147.71,149.95,149.95,730676.0,0.0,1.0
2017-06-30,773,150.43,151.21,148.77,149.79,149.79,547197.0,0.0,1.0
2017-07-03,774,151.06,151.1,146.35,146.89,146.89,357828.0,0.0,1.0
2017-07-05,775,147.1,149.52,147.1,148.62,148.62,920458.0,0.0,1.0
2017-07-06,776,146.5,147.68,144.19,145.43,145.43,634642.0,0.0,1.0
2017-07-07,777,146.05,149.16,146.05,148.77,148.77,722760.0,0.0,1.0
2017-07-10,778,148.86,150.78,147.92,149.35,149.35,672804.0,0.0,1.0
2017-07-11,779,149.57,153.259,149.57,153.16,153.16,550435.0,0.0,1.0
2017-07-12,780,155.0,156.06,154.27,155.38,155.38,612683.0,0.0,1.0
2017-07-13,781,155.87,156.64,153.65,154.77,154.77,375271.0,0.0,1.0
2017-07-14,782,155.02,155.69,154.12,155.11,155.11,300987.0,0.0,1.0
2017-07-17,783,155.31,155.68,152.8,155.22,155.22,372297.0,0.0,1.0
2017-07-18,784,154.85,156.1263,154.01,155.99,155.99,419442.0,0.0,1.0
2017-07-19,785,156.8,159.0,156.73,157.63,157.63,441505.0,0.0,1.0
2017-07-20,786,158.31,158.61,155.27,156.8,156.8,374410.0,0.0,1.0
2017-07-21,787,151.0,154.0,149.0,152.92,152.92,1181292.0,0.0,1.0
2017-07-24,788,152.5,156.18,152.02,155.22,155.22,518628.0,0.0,1.0
2017-07-25,789,155.06,158.07,153.79,158.0,158.0,405232.0,0.0,1.0
2017-07-26,790,158.35,159.0,157.0,157.2,157.2,575572.0,0.0,1.0
2017-07-27,791,158.09,158.79,150.06,152.04,152.04,745016.0,0.0,1.0
2017-07-28,792,151.05,153.57,149.41,150.4,150.4,991906.0,0.0,1.0
2017-07-31,793,151.2,151.764,148.49,149.29,149.29,1009917.0,0.0,1.0
2017-08-01,794,150.43,150.43,147.34,147.8,147.8,717432.0,0.0,1.0
2017-08-02,795,148.96,148.97,142.66,143.46,143.46,1162516.0,0.0,1.0
2017-08-03,796,143.82,145.035,141.78,144.05,144.05,1926247.0,0.0,1.0
2017-08-04,797,167.6,175.4,166.5,172.05,172.05,4997700.0,0.0,1.0
2017-08-07,798,170.05,176.5,169.52,173.75,173.75,1650937.0,0.0,1.0
2017-08-08,799,173.69,174.9,169.93,169.94,169.94,1171940.0,0.0,1.0
2017-08-09,800,168.99,169.88,167.11,167.46,167.46,1119744.0,0.0,1.0
2017-08-10,801,167.01,167.03,160.94,164.7,164.7,1491725.0,0.0,1.0
2017-08-11,802,164.53,168.81,163.41,165.69,165.69,626892.0,0.0,1.0
2017-08-14,803,168.08,170.69,167.542,169.8,169.8,640108.0,0.0,1.0
2017-08-15,804,171.0,171.99,169.3,170.59,170.59,568588.0,0.0,1.0
2017-08-16,805,170.6,174.88,170.204,173.67,173.67,851474.0,0.0,1.0
2017-08-17,806,173.5,174.54,170.22,171.06,171.06,787266.0,0.0,1.0
2017-08-18,807,171.0,174.109,169.94,172.01,172.01,651891.0,0.0,1.0
2017-08-21,808,172.0,173.89,169.85,172.01,172.01,664762.0,0.0,1.0
2017-08-22,809,172.07,175.99,171.915,175.25,175.25,840388.0,0.0,1.0
2017-08-23,810,174.44,175.11,172.34,173.51,173.51,891760.0,0.0,1.0
2017-08-24,811,174.32,176.38,173.555,175.11,175.11,633148.0,0.0,1.0
2017-08-25,812,175.64,176.88,173.59,173.73,173.73,418394.0,0.0,1.0
2017-08-28,813,174.23,175.76,171.35,174.11,174.11,524078.0,0.0,1.0
2017-08-29,814,172.43,174.66,171.55,173.28,173.28,420094.0,0.0,1.0
2017-08-30,815,174.26,178.35,174.26,177.95,177.95,575046.0,0.0,1.0
2017-08-31,816,178.69,179.71,175.35,176.15,176.15,780410.0,0.0,1.0
2017-09-01,817,176.77,177.63,175.09,177.49,177.49,436655.0,0.0,1.0
2017-09-05,818,176.74,177.56,173.66,175.23,175.23,809497.0,0.0,1.0
2017-09-06,819,175.55,176.45,169.61,172.73,172.73,835768.0,0.0,1.0
2017-09-07,820,173.0,174.05,171.78,173.65,173.65,481957.0,0.0,1.0
2017-09-08,821,173.33,174.45,172.06,172.68,172.68,318092.0,0.0,1.0
2017-09-11,822,173.93,176.095,173.27,175.31,175.31,391766.0,0.0,1.0
2017-09-12,823,175.64,176.803,172.82,173.82,173.82,423209.0,0.0,1.0
2017-09-13,824,173.82,175.13,172.14,174.89,174.89,656040.0,0.0,1.0
2017-09-14,825,173.95,176.38,173.74,174.94,174.94,608071.0,0.0,1.0
2017-09-15,826,175.13,177.89,173.67,176.96,176.96,1380477.0,0.0,1.0
2017-09-18,827,179.0,185.41,178.89,182.68,182.68,1134838.0,0.0,1.0
2017-09-19,828,183.93,183.99,181.05,181.72,181.72,770960.0,0.0,1.0
2017-09-20,829,186.24,188.72,184.07,188.49,188.49,973759.0,0.0,1.0
2017-09-21,830,188.17,188.85,184.48,187.23,187.23,605808.0,0.0,1.0
2017-09-22,831,187.2,192.08,187.03,191.05,191.05,906985.0,0.0,1.0
2017-09-25,832,192.0,193.24,180.57,180.83,180.83,1276059.0,0.0,1.0
2017-09-26,833,182.85,186.98,180.01,182.66,182.66,650779.0,0.0,1.0
2017-09-27,834,184.76,190.96,184.76,186.55,186.55,606413.0,0.0,1.0
2017-09-28,835,186.01,188.23,183.61,187.55,187.55,585399.0,0.0,1.0
2017-09-29,836,188.25,189.9,187.8,189.61,189.61,446200.0,0.0,1.0
2017-10-02,837,190.0,191.85,188.63,190.43,190.43,465586.0,0.0,1.0
2017-10-03,838,190.92,191.875,188.41,189.42,189.42,314928.0,0.0,1.0
2017-10-04,839,189.42,191.03,187.56,190.68,190.68,390601.0,0.0,1.0
2017-10-05,840,191.14,191.96,188.9,190.36,190.36,360450.0,0.0,1.0
2017-10-06,841,190.11,193.4,189.8,192.93,192.93,722226.0,0.0,1.0
2017-10-09,842,193.52,196.27,192.68,193.37,193.37,489722.0,0.0,1.0
2017-10-10,843,194.76,195.34,191.09,192.82,192.82,415467.0,0.0,1.0
2017-10-11,844,192.31,193.515,191.61,192.95,192.95,335925.0,0.0,1.0
2017-10-12,845,192.0,193.11,190.45,191.21,191.21,509801.0,0.0,1.0
2017-10-13,846,192.88,192.88,190.0,191.14,191.14,620598.0,0.0,1.0
2017-10-16,847,192.14,192.5,188.43,188.79,188.79,521924.0,0.0,1.0
2017-10-17,848,188.86,190.959,188.86,190.61,190.61,355103.0,0.0,1.0
2017-10-18,849,190.94,191.21,188.56,189.94,189.94,288721.0,0.0,1.0
2017-10-19,850,188.42,190.13,185.25,190.13,190.13,524215.0,0.0,1.0
2017-10-20,851,191.05,192.95,191.05,191.68,191.68,324583.0,0.0,1.0
2017-10-23,852,192.0,194.24,191.198,191.57,191.57,464879.0,0.0,1.0
2017-10-24,853,192.65,193.72,190.37,193.1,193.1,342860.0,0.0,1.0
2017-10-25,854,192.02,193.34,188.79,189.61,189.61,428336.0,0.0,1.0
2017-10-26,855,190.94,193.9,190.745,191.83,191.83,429900.0,0.0,1.0
2017-10-27,856,193.89,196.675,192.91,195.65,195.65,556279.0,0.0,1.0
2017-10-30,857,196.25,200.82,195.44,196.16,196.16,836100.0,0.0,1.0
2017-10-31,858,197.33,201.95,196.9,199.89,199.89,818362.0,0.0,1.0
2017-11-01,859,201.41,201.41,195.17,197.26,197.26,993718.0,0.0,1.0
2017-11-02,860,197.5,197.5,177.92,181.17,181.17,2752372.0,0.0,1.0
2017-11-03,861,201.835,202.15,192.75,201.49,201.49,3205081.0,0.0,1.0
2017-11-06,862,202.99,207.35,200.49,206.68,206.68,1146072.0,0.0,1.0
2017-11-07,863,206.6,214.99,206.6,209.56,209.56,1438262.0,0.0,1.0
2017-11-08,864,212.59,216.0,211.02,214.19,214.19,1214770.0,0.0,1.0
2017-11-09,865,213.35,217.92,211.2,213.55,213.55,1010583.0,0.0,1.0
2017-11-10,866,213.6,221.67,213.3,221.05,221.05,1160155.0,0.0,1.0
2017-11-13,867,221.73,227.129,221.73,225.15,225.15,963252.0,0.0,1.0
2017-11-14,868,225.1,228.86,224.4,227.1,227.1,632220.0,0.0,1.0
2017-11-15,869,226.0,228.0,221.16,224.9,224.9,616465.0,0.0,1.0
2017-11-16,870,226.88,233.335,226.34,231.77,231.77,849936.0,0.0,1.0
2017-11-17,871,232.46,234.63,229.468,233.82,233.82,581244.0,0.0,1.0
2017-11-20,872,235.0,241.95,234.91,241.83,241.83,721024.0,0.0,1.0
2017-11-21,873,242.3,245.65,240.776,241.43,241.43,954693.0,0.0,1.0
2017-11-22,874,241.45,243.355,238.16,239.01,239.01,617288.0,0.0,1.0
2017-11-24,875,241.08,243.429,240.58,242.06,242.06,298113.0,0.0,1.0
2017-11-27,876,241.7,243.59,238.45,238.64,238.64,542559.0,0.0,1.0
2017-11-28,877,239.0,243.67,238.2,243.55,243.55,539881.0,0.0,1.0
2017-11-29,878,244.82,244.9,226.53,234.21,234.21,1211091.0,0.0,1.0
2017-11-30,879,237.52,238.033,231.19,233.12,233.12,838388.0,0.0,1.0
2017-12-01,880,232.5,233.22,222.43,228.65,228.65,1138572.0,0.0,1.0
2017-12-04,881,232.27,233.775,208.62,209.48,209.48,2586659.0,0.0,1.0
2017-12-05,882,208.4,218.64,206.86,211.05,211.05,1272067.0,0.0,1.0
2017-12-06,883,209.15,213.96,207.37,212.86,212.86,631720.0,0.0,1.0
2017-12-07,884,214.1,221.25,214.1,219.86,219.86,901776.0,0.0,1.0
2017-12-08,885,223.36,228.965,222.06,222.79,222.79,775460.0,0.0,1.0
2017-12-11,886,223.0,224.99,219.37,223.69,223.69,576798.0,0.0,1.0
2017-12-12,887,222.19,223.3,217.11,218.25,218.25,706302.0,0.0,1.0
2017-12-13,888,218.44,226.24,218.43,225.13,225.13,791151.0,0.0,1.0
2017-12-14,889,226.61,229.18,225.25,226.72,226.72,782748.0,0.0,1.0
2017-12-15,890,227.805,232.15,227.3,231.03,231.03,1064189.0,0.0,1.0
2017-12-18,891,231.93,235.6649,231.4,235.39,235.39,661701.0,0.0,1.0
2017-12-19,892,236.11,238.34,235.0,236.0,236.0,830415.0,0.0,1.0
2017-12-20,893,235.52,238.3569,231.49,234.15,234.15,576300.0,0.0,1.0
2017-12-21,894,236.82,238.4,235.112,235.96,235.96,608025.0,0.0,1.0
2017-12-22,895,234.7,236.86,233.37,236.55,236.55,652205.0,0.0,1.0
2017-12-26,896,236.22,236.7,233.0,235.66,235.66,427558.0,0.0,1.0
2017-12-27,897,235.66,240.49,235.66,239.5,239.5,390528.0,0.0,1.0
2017-12-28,898,239.9,241.5,239.19,240.64,240.64,416437.0,0.0,1.0
2017-12-29,899,240.65,241.3,235.4301,235.58,235.58,415679.0,0.0,1.0
2018-01-02,900,235.58,238.63,226.76,231.03,231.03,872269.0,0.0,1.0
2018-01-03,901,232.0,235.75,231.56,235.6,235.6,558760.0,0.0,1.0
2018-01-04,902,236.25,237.83,231.41,232.69,232.69,836971.0,0.0,1.0
2018-01-05,903,234.45,238.46,234.42,236.77,236.77,505773.0,0.0,1.0
2018-01-08,904,239.24,251.95,238.51,251.06,251.06,1394729.0,0.0,1.0
2018-01-09,905,251.06,252.33,246.5,249.98,249.98,706761.0,0.0,1.0
2018-01-10,906,250.14,255.925,249.4,252.28,252.28,632112.0,0.0,1.0
2018-01-11,907,253.46,261.81,253.46,260.79,260.79,1084462.0,0.0,1.0
2018-01-12,908,261.07,262.84,257.1,259.03,259.03,824210.0,0.0,1.0
2018-01-16,909,261.65,262.84,250.165,252.77,252.77,904819.0,0.0,1.0
2018-01-17,910,255.91,264.61,255.49,262.81,262.81,919181.0,0.0,1.0
2018-01-18,911,263.48,268.12,263.0,265.19,265.19,642494.0,0.0,1.0
2018-01-19,912,267.87,271.87,267.1,270.84,270.84,681707.0,0.0,1.0
2018-01-22,913,271.0,275.85,268.69,275.68,275.68,747962.0,0.0,1.0
2018-01-23,914,270.92,276.2108,268.2,273.14,273.14,942218.0,0.0,1.0
2018-01-24,915,274.81,276.87,269.27,273.14,273.14,712097.0,0.0,1.0
2018-01-25,916,275.6,279.6,274.51,276.76,276.76,527331.0,0.0,1.0
2018-01-26,917,279.46,283.5,276.86,283.5,283.5,496276.0,0.0,1.0
2018-01-29,918,283.5,284.76,277.357,277.99,277.99,734872.0,0.0,1.0
2018-01-30,919,273.08,276.58,252.01,275.23,275.23,1359738.0,0.0,1.0
2018-01-31,920,276.51,276.999,269.04,275.82,275.82,935595.0,0.0,1.0
2018-02-01,921,273.2,276.9697,273.11,275.0,275.0,834378.0,0.0,1.0
2018-02-02,922,272.15,279.45,267.12,273.48,273.48,760555.0,0.0,1.0
2018-02-05,923,265.51,279.89,262.51,265.37,265.37,1216619.0,0.0,1.0
2018-02-06,924,253.33,274.31,250.41,272.38,272.38,1004171.0,0.0,1.0
2018-02-07,925,277.99,289.0687,275.04,281.62,281.62,1156486.0,0.0,1.0
2018-02-08,926,285.01,285.135,264.38,264.52,264.52,1152929.0,0.0,1.0
2018-02-09,927,269.57,274.9411,258.0571,272.55,272.55,1149828.0,0.0,1.0
2018-02-12,928,278.15,287.1722,277.621,284.54,284.54,1270423.0,0.0,1.0
2018-02-13,929,285.0,292.7259,284.08,292.58,292.58,1017022.0,0.0,1.0
2018-02-14,930,291.0,305.44,290.96,302.12,302.12,1471858.0,0.0,1.0
2018-02-15,931,306.0,311.67,295.3544,307.96,307.96,2895777.0,0.0,1.0
2018-02-16,932,258.0,269.0,247.5201,249.49,249.49,8890671.0,0.0,1.0
2018-02-20,933,248.0,253.2799,246.11,249.65,249.65,2255109.0,0.0,1.0
2018-02-21,934,249.0,250.56,235.82,238.03,238.03,2991541.0,0.0,1.0
2018-02-22,935,240.0,245.43,239.24,244.66,244.66,1600028.0,0.0,1.0
2018-02-23,936,246.35,249.49,240.34,245.92,245.92,1302181.0,0.0,1.0
2018-02-26,937,247.57,260.0,246.775,259.85,259.85,1690149.0,0.0,1.0
2018-02-27,938,260.0,263.96,255.75,259.14,259.14,1412894.0,0.0,1.0
2018-02-28,939,260.0,273.58,260.0,269.74,269.74,2141050.0,0.0,1.0
2018-03-01,940,270.64,272.4,258.31,263.8,263.8,1614629.0,0.0,1.0
2018-03-02,941,257.86,271.9499,254.21,271.5,271.5,1415158.0,0.0,1.0
2018-03-05,942,270.0,285.94,267.3,281.86,281.86,2054258.0,0.0,1.0
2018-03-06,943,283.0,292.5,283.0,288.6,288.6,1812561.0,0.0,1.0
2018-03-07,944,285.5,293.52,285.0,291.58,291.58,1242190.0,0.0,1.0
2018-03-08,945,292.52,296.8590000000001,288.0,293.77,293.77,1110572.0,0.0,1.0
2018-03-09,946,295.11,298.0,293.8119,295.15,295.15,922477.0,0.0,1.0
2018-03-12,947,296.69,301.31,295.16,297.4,297.4,1207443.0,0.0,1.0
2018-03-13,948,297.88,299.52,288.32,289.68,289.68,1199194.0,0.0,1.0
2018-03-14,949,290.0,299.48,288.79,298.5,298.5,1390916.0,0.0,1.0
2018-03-15,950,298.0,298.73,293.02,295.9,295.9,895613.0,0.0,1.0
2018-03-16,951,296.39,296.945,291.98,293.72,293.72,766160.0,0.0,1.0
2018-03-19,952,276.31,283.5,272.25,277.39,277.39,1893235.0,0.0,1.0
2018-03-20,953,279.54,288.65,278.91,285.42,285.42,1148682.0,0.0,1.0
2018-03-21,954,285.2,286.41,281.17,282.7,282.7,615731.0,0.0,1.0
2018-03-22,955,278.1,281.9,273.0,273.74,273.74,934811.0,0.0,1.0
2018-03-23,956,274.11,277.58,262.11,264.21,264.21,1226012.0,0.0,1.0
2018-03-26,957,271.01,273.02,262.321,270.98,270.98,1042868.0,0.0,1.0
2018-03-27,958,272.94,274.95,252.551,253.7,253.7,1400711.0,0.0,1.0
2018-03-28,959,252.11,253.189,243.17,245.14,245.14,1785280.0,0.0,1.0
2018-03-29,960,248.01,258.5,244.47,255.3,255.3,1250083.0,0.0,1.0
2018-04-02,961,253.46,259.16,248.719,253.51,253.51,1060324.0,0.0,1.0
2018-04-03,962,256.5,257.4,250.04,253.51,253.51,974255.0,0.0,1.0
2018-04-04,963,246.28,259.69,245.1,258.96,258.96,846855.0,0.0,1.0
2018-04-05,964,262.87,271.44,261.1,262.74,262.74,1168242.0,0.0,1.0
2018-04-06,965,257.69,261.99,256.07,258.72,258.72,827065.0,0.0,1.0
2018-04-09,966,262.55,266.1,259.5,259.5,259.5,551511.0,0.0,1.0
2018-04-10,967,265.27,268.85,263.38,267.19,267.19,752653.0,0.0,1.0
2018-04-11,968,265.28,269.5302,265.28,266.58,266.58,503578.0,0.0,1.0
2018-04-12,969,268.0,272.1,267.99,268.89,268.89,632396.0,0.0,1.0
2018-04-13,970,258.02,258.339,241.32,244.2,244.2,2805010.0,0.0,1.0
2018-04-16,971,246.65,247.6928,238.7,239.44,239.44,1526635.0,0.0,1.0
2018-04-17,972,241.0,258.6,240.55,256.8,256.8,2038659.0,0.0,1.0
2018-04-18,973,256.24,259.19,249.63,258.5,258.5,730194.0,0.0,1.0
2018-04-19,974,255.67,257.46,250.71,256.37,256.37,729860.0,0.0,1.0
2018-04-20,975,257.28,263.4,255.47,260.65,260.65,658268.0,0.0,1.0
2018-04-23,976,261.98,261.98,252.01,254.18,254.18,695650.0,0.0,1.0
2018-04-24,977,257.99,264.0,248.6,252.06,252.06,965083.0,0.0,1.0
2018-04-25,978,251.49,256.22,247.2075,253.02,253.02,646413.0,0.0,1.0
2018-04-26,979,255.57,259.78,255.04,259.51,259.51,559153.0,0.0,1.0
2018-04-27,980,262.62,266.65,259.99,262.75,262.75,721891.0,0.0,1.0
2018-04-30,981,264.18,267.48,261.31,264.55,264.55,834623.0,0.0,1.0
2018-05-01,982,264.55,265.36,260.53,265.27,265.27,679263.0,0.0,1.0
2018-05-02,983,267.48,272.54,265.41,265.46,265.46,891125.0,0.0,1.0
2018-05-03,984,262.33,270.75,260.2201,267.85,267.85,1187756.0,0.0,1.0
2018-05-04,985,243.9,248.99,235.24,245.05,245.05,3386608.0,0.0,1.0
2018-05-07,986,247.1,254.82,245.43,252.36,252.36,1636817.0,0.0,1.0
2018-05-08,987,251.17,260.53,251.13,259.29,259.29,1140703.0,0.0,1.0
2018-05-09,988,260.42,261.1,256.56,259.42,259.42,870488.0,0.0,1.0
2018-05-10,989,259.8,262.19,259.0,260.66,260.66,1223543.0,0.0,1.0
2018-05-11,990,260.0,260.8,256.01,259.91,259.91,586718.0,0.0,1.0
2018-05-14,991,258.41,260.5,252.68,253.52,253.52,1057025.0,0.0,1.0
2018-05-15,992,251.34,253.44,248.25,249.55,249.55,735244.0,0.0,1.0
2018-05-16,993,249.24,250.8138,246.6,249.13,249.13,629135.0,0.0,1.0
2018-05-17,994,248.0,249.13,243.62,247.47,247.47,1338182.0,0.0,1.0
2018-05-18,995,248.0,250.08,247.335,248.09,248.09,481409.0,0.0,1.0
2018-05-21,996,249.74,255.8,249.74,254.25,254.25,934492.0,0.0,1.0
2018-05-22,997,253.1,257.1,249.5,249.62,249.62,804360.0,0.0,1.0
2018-05-23,998,248.72,256.135,248.0,255.98,255.98,674994.0,0.0,1.0
2018-05-24,999,255.78,255.78,250.05,252.61,252.61,512764.0,0.0,1.0
2018-05-25,1000,253.44,256.9,252.601,255.75,255.75,531512.0,0.0,1.0
2018-05-29,1001,254.0,259.5,253.24,255.86,255.86,1068784.0,0.0,1.0
2018-05-30,1002,256.4,257.5,251.451,251.65,251.65,891964.0,0.0,1.0
2018-05-31,1003,253.48,256.13,251.2,251.56,251.56,885018.0,0.0,1.0
2018-06-01,1004,252.66,262.99,252.5201,261.22,261.22,1065941.0,0.0,1.0
2018-06-04,1005,262.5,269.0,261.39,268.28,268.28,939697.0,0.0,1.0
2018-06-05,1006,268.3,276.59,267.26,274.75,274.75,1302876.0,0.0,1.0
2018-06-06,1007,275.38,280.58,275.37,278.26,278.26,1252762.0,0.0,1.0
2018-06-07,1008,278.5,279.25,269.43,270.9,270.9,774224.0,0.0,1.0
2018-06-08,1009,270.68,274.71,268.6005,273.75,273.75,514936.0,0.0,1.0
2018-06-11,1010,273.75,276.675,270.52,271.68,271.68,1022797.0,0.0,1.0
2018-06-12,1011,272.81,276.47,272.41,274.64,274.64,554980.0,0.0,1.0
2018-06-13,1012,276.59,282.1016,275.38,281.14,281.14,847926.0,0.0,1.0
2018-06-14,1013,280.81,284.55,279.51,281.12,281.12,761983.0,0.0,1.0
2018-06-15,1014,279.43,287.0,277.85,286.62,286.62,1364536.0,0.0,1.0
2018-06-18,1015,282.56,283.65,274.03,279.22,279.22,1002057.0,0.0,1.0
2018-06-19,1016,273.65,277.93,271.39,273.8,273.8,747764.0,0.0,1.0
2018-06-20,1017,276.62,287.12,276.62,283.74,283.74,1027396.0,0.0,1.0
2018-06-21,1018,284.39,285.7499,278.44,279.32,279.32,484925.0,0.0,1.0
2018-06-22,1019,280.98,280.98,269.31,272.65,272.65,1196220.0,0.0,1.0
2018-06-25,1020,268.67,270.0,257.41,259.88,259.88,1347595.0,0.0,1.0
2018-06-26,1021,260.13,265.255,259.1,262.38,262.38,718188.0,0.0,1.0
2018-06-27,1022,262.75,264.48,253.72,254.29,254.29,914147.0,0.0,1.0
2018-06-28,1023,253.0,260.56,252.858,258.27,258.27,551866.0,0.0,1.0
2018-06-29,1024,259.9,260.715,256.76,257.49,257.49,412827.0,0.0,1.0
2018-07-02,1025,254.98,261.45,253.09,261.36,261.36,440994.0,0.0,1.0
2018-07-03,1026,262.2,262.33,255.45,255.87,255.87,393298.0,0.0,1.0
2018-07-05,1027,257.99,258.685,252.25,257.91,257.91,516935.0,0.0,1.0
2018-07-06,1028,258.91,263.93,257.92,262.39,262.39,314631.0,0.0,1.0
2018-07-09,1029,269.87,274.97,265.61,270.46,270.46,751093.0,0.0,1.0
2018-07-10,1030,272.0,272.0,267.73,268.55,268.55,377999.0,0.0,1.0
2018-07-11,1031,265.0,270.959,263.57,269.32,269.32,386534.0,0.0,1.0
2018-07-12,1032,271.89,279.18,270.675,278.36,278.36,520851.0,0.0,1.0
2018-07-13,1033,278.3,278.36,261.16,266.49,266.49,1427161.0,0.0,1.0
2018-07-16,1034,266.5,274.75,266.5,270.84,270.84,708439.0,0.0,1.0
2018-07-17,1035,270.69,274.76,266.9,273.88,273.88,288259.0,0.0,1.0
2018-07-18,1036,273.88,275.85,273.08,274.69,274.69,318074.0,0.0,1.0
2018-07-19,1037,277.37,281.2,275.3832,276.25,276.25,586554.0,0.0,1.0
2018-07-20,1038,277.0,277.81,268.55,268.84,268.84,569211.0,0.0,1.0
2018-07-23,1039,269.49,270.87,263.5,268.39,268.39,574271.0,0.0,1.0
2018-07-24,1040,270.39,272.2,262.98,266.3,266.3,587470.0,0.0,1.0
2018-07-25,1041,266.03,275.98,266.03,274.31,274.31,522011.0,0.0,1.0
2018-07-26,1042,272.62,279.32,269.26,276.28,276.28,503244.0,0.0,1.0
2018-07-27,1043,275.55,276.89,266.898,271.28,271.28,735282.0,0.0,1.0
2018-07-30,1044,270.15,270.77,255.08,257.86,257.86,914831.0,0.0,1.0
2018-07-31,1045,257.76,262.87,253.5101,255.73,255.73,990363.0,0.0,1.0
2018-08-01,1046,256.5,263.48,256.001,262.6,262.6,645517.0,0.0,1.0
2018-08-02,1047,261.65,274.88,260.5164,271.85,271.85,1379318.0,0.0,1.0
2018-08-03,1048,269.42,269.42,256.54,257.54,257.54,1930176.0,0.0,1.0
2018-08-06,1049,258.5,272.19,258.5,271.33,271.33,1224327.0,0.0,1.0
2018-08-07,1050,271.55,273.75,267.51,268.81,268.81,685092.0,0.0,1.0
2018-08-08,1051,269.83,269.83,263.1,264.56,264.56,726580.0,0.0,1.0
2018-08-09,1052,264.08,272.76,263.75,269.34,269.34,687160.0,0.0,1.0
2018-08-10,1053,268.46,270.63,266.77,268.85,268.85,440145.0,0.0,1.0
2018-08-13,1054,268.86,273.35,267.48,269.28,269.28,450350.0,0.0,1.0
2018-08-14,1055,271.66,274.2537,268.7,271.46,271.46,700680.0,0.0,1.0
2018-08-15,1056,269.68,272.6,262.52,265.58,265.58,628714.0,0.0,1.0
2018-08-16,1057,268.83,275.495,267.485,267.93,267.93,708646.0,0.0,1.0
2018-08-17,1058,265.77,270.475,265.77,269.04,269.04,457389.0,0.0,1.0
2018-08-20,1059,269.55,274.5,268.135,273.72,273.72,498860.0,0.0,1.0
2018-08-21,1060,272.5,277.15,271.324,271.83,271.83,562768.0,0.0,1.0
2018-08-22,1061,272.1,278.9546,269.665,277.36,277.36,584609.0,0.0,1.0
2018-08-23,1062,276.91,283.42,275.01,282.61,282.61,814721.0,0.0,1.0
2018-08-24,1063,295.84,313.3668,294.92,308.58,308.58,4082391.0,0.0,1.0
2018-08-27,1064,308.58,312.5,300.6,304.79,304.79,11161988.0,0.0,1.0
2018-08-28,1065,305.0,306.74,302.135,304.2,304.2,1698955.0,0.0,1.0
2018-08-29,1066,303.35,306.06,300.9358,302.19,302.19,1258324.0,0.0,1.0
2018-08-30,1067,300.72,302.7413,294.45,297.87,297.87,1012240.0,0.0,1.0
2018-08-31,1068,296.0,302.33,295.44,298.98,298.98,808327.0,0.0,1.0
2018-09-04,1069,288.9,294.0,286.25,289.82,289.82,2025993.0,0.0,1.0
2018-09-05,1070,288.46,289.09,271.14,272.29,272.29,1809967.0,0.0,1.0
2018-09-06,1071,274.0,276.96,265.22,267.77,267.77,1302906.0,0.0,1.0
2018-09-07,1072,267.79,272.31,264.0,267.05,267.05,1111621.0,0.0,1.0
2018-09-10,1073,268.74,269.98,264.91,269.01,269.01,1179031.0,0.0,1.0
2018-09-11,1074,267.59,271.25,265.64,267.21,267.21,836930.0,0.0,1.0
2018-09-12,1075,266.86,268.21,261.79,267.85,267.85,862885.0,0.0,1.0
2018-09-13,1076,268.99,272.0,267.96,270.06,270.06,828301.0,0.0,1.0
2018-09-14,1077,271.0,273.69,269.3801,271.25,271.25,1006497.0,0.0,1.0
2018-09-17,1078,271.87,272.28,264.56,265.08,265.08,675692.0,0.0,1.0
2018-09-18,1079,265.3,269.35,265.3,267.16,267.16,732231.0,0.0,1.0
2018-09-19,1080,268.05,271.38,267.2005,270.2,270.2,849949.0,0.0,1.0
2018-09-20,1081,272.64,274.05,270.2,273.05,273.05,745338.0,0.0,1.0
2018-09-21,1082,274.0,275.0,268.44,269.29,269.29,1815582.0,0.0,1.0
2018-09-24,1083,268.28,275.23,265.02,274.21,274.21,711614.0,0.0,1.0
2018-09-25,1084,275.18,276.0,272.5,274.56,274.56,518846.0,0.0,1.0
2018-09-26,1085,273.02,273.9,263.37,263.87,263.87,1235722.0,0.0,1.0
2018-09-27,1086,264.89,268.41,263.7001,265.33,265.33,832921.0,0.0,1.0
2018-09-28,1087,265.3,269.0,264.715,265.86,265.86,476013.0,0.0,1.0
2018-10-01,1088,267.21,268.82,258.47,259.64,259.64,1121627.0,0.0,1.0
2018-10-02,1089,258.08,259.84,255.32,256.15,256.15,733478.0,0.0,1.0
2018-10-03,1090,257.0,262.56,255.74,261.43,261.43,597800.0,0.0,1.0
2018-10-04,1091,260.76,261.415,255.49,257.74,257.74,607309.0,0.0,1.0
2018-10-05,1092,256.55,261.99,247.17,251.27,251.27,1024155.0,0.0,1.0
2018-10-08,1093,250.44,251.61,239.21400000000003,243.21,243.21,1190938.0,0.0,1.0
2018-10-09,1094,242.28,244.99,235.53,238.65,238.65,1160372.0,0.0,1.0
2018-10-10,1095,237.18,237.99,225.265,225.79,225.79,1614291.0,0.0,1.0
2018-10-11,1096,217.95,224.2,214.1,215.46,215.46,2212091.0,0.0,1.0
2018-10-12,1097,221.81,225.68,217.955,222.37,222.37,1454405.0,0.0,1.0
2018-10-15,1098,230.36,232.77,220.5,220.83,220.83,1301153.0,0.0,1.0
2018-10-16,1099,223.45,234.375,223.45,233.58,233.58,1246119.0,0.0,1.0
2018-10-17,1100,243.99,247.48,233.77,238.95,238.95,1182771.0,0.0,1.0
2018-10-18,1101,236.81,237.98,230.16,233.09,233.09,798392.0,0.0,1.0
2018-10-19,1102,234.84,236.21,227.3,229.76,229.76,913713.0,0.0,1.0
2018-10-22,1103,231.36,234.37,227.29,232.18,232.18,814092.0,0.0,1.0
2018-10-23,1104,226.77,235.0,221.65,232.83,232.83,956965.0,0.0,1.0
2018-10-24,1105,231.55,237.01,223.59,223.82,223.82,996139.0,0.0,1.0
2018-10-25,1106,226.72,232.75,224.72,230.69,230.69,807134.0,0.0,1.0
2018-10-26,1107,225.0,225.78,217.03,219.53,219.53,1271467.0,0.0,1.0
2018-10-29,1108,224.11,226.15,213.11,217.86,217.86,953254.0,0.0,1.0
2018-10-30,1109,218.13,228.63,215.6,228.46,228.46,915371.0,0.0,1.0
2018-10-31,1110,233.5,238.68,230.3,230.35,230.35,1152474.0,0.0,1.0
2018-11-01,1111,232.77,242.32,231.1201,240.96,240.96,1346248.0,0.0,1.0
2018-11-02,1112,260.91,269.4867,245.44,257.77,257.77,3090379.0,0.0,1.0
2018-11-05,1113,256.67,257.48,248.1,248.96,248.96,953727.0,0.0,1.0
2018-11-06,1114,248.0,252.295,241.44,245.11,245.11,900788.0,0.0,1.0
2018-11-07,1115,246.98,254.3808,246.26,253.55,253.55,762602.0,0.0,1.0
2018-11-08,1116,252.08,255.31,248.7001,252.2,252.2,523675.0,0.0,1.0
2018-11-09,1117,250.93,251.19,241.0,244.43,244.43,778470.0,0.0,1.0
2018-11-12,1118,243.39,245.0,234.66,236.62,236.62,834865.0,0.0,1.0
2018-11-13,1119,238.08,240.845,232.37,236.36,236.36,726200.0,0.0,1.0
2018-11-14,1120,238.56,240.0,228.989,229.49,229.49,881837.0,0.0,1.0
2018-11-15,1121,229.69,244.93,229.675,244.2,244.2,1283680.0,0.0,1.0
2018-11-16,1122,241.85,243.0,237.95,239.37,239.37,716132.0,0.0,1.0
2018-11-19,1123,239.11,239.18,221.51,223.0,223.0,896570.0,0.0,1.0
2018-11-20,1124,213.0,223.635,210.5525,219.38,219.38,998602.0,0.0,1.0
2018-11-21,1125,222.68,228.65,218.305,219.02,219.02,701576.0,0.0,1.0
2018-11-23,1126,217.0,222.865,215.97,219.24,219.24,235155.0,0.0,1.0
2018-11-26,1127,223.3,227.0,219.38,226.37,226.37,503723.0,0.0,1.0
2018-11-27,1128,224.93,226.65,223.225,224.74,224.74,424830.0,0.0,1.0
2018-11-28,1129,228.48,236.0,227.17,235.4,235.4,687412.0,0.0,1.0
2018-11-29,1130,234.99,238.1,231.01,236.31,236.31,578614.0,0.0,1.0
2018-11-30,1131,236.41,239.205,233.52,238.48,238.48,755482.0,0.0,1.0
2018-12-03,1132,247.5,248.98,242.15,243.89,243.89,892586.0,0.0,1.0
2018-12-04,1133,242.02,244.275,229.62,229.73,229.73,806576.0,0.0,1.0
2018-12-06,1134,228.62,238.65,225.0,238.43,238.43,1310945.0,0.0,1.0
2018-12-07,1135,238.18,240.99,223.71,225.09,225.09,830264.0,0.0,1.0
2018-12-10,1136,224.59,231.975,223.1028,229.77,229.77,701470.0,0.0,1.0
2018-12-11,1137,231.5,235.89,227.74,229.12,229.12,700983.0,0.0,1.0
2018-12-12,1138,234.16,236.34,231.51,231.99,231.99,529332.0,0.0,1.0
2018-12-13,1139,233.5,235.21,227.91,228.71,228.71,449666.0,0.0,1.0
2018-12-14,1140,224.82,226.0517,219.7073,220.41,220.41,629396.0,0.0,1.0
2018-12-17,1141,219.0,220.0,208.36,210.17,210.17,1298535.0,0.0,1.0
2018-12-18,1142,210.99,213.77,207.82,212.09,212.09,1099999.0,0.0,1.0
2018-12-19,1143,213.07,216.31,200.4,202.05,202.05,966739.0,0.0,1.0
2018-12-20,1144,201.04,203.59,192.27,197.21,197.21,1275694.0,0.0,1.0
2018-12-21,1145,198.1,202.85,191.76,193.17,193.17,1439925.0,0.0,1.0
2018-12-24,1146,188.34,194.175,187.08,188.9,188.9,446804.0,0.0,1.0
2018-12-26,1147,190.3,200.96,189.8,200.52,200.52,739406.0,0.0,1.0
2018-12-27,1148,198.0,204.92,195.77,204.83,204.83,775466.0,0.0,1.0
2018-12-28,1149,207.21,209.7706,202.8,205.76,205.76,752201.0,0.0,1.0
2018-12-31,1150,207.78,210.7,205.98,210.7,210.7,742301.0,0.0,1.0
2019-01-02,1151,205.0,213.42,202.35,210.55,210.55,652074.0,0.0,1.0
2019-01-03,1152,205.39,207.97,199.205,199.6,199.6,800600.0,0.0,1.0
2019-01-04,1153,204.29,204.84,200.68,202.47,202.47,1185138.0,0.0,1.0
2019-01-07,1154,209.15,213.44,205.62,209.92,209.92,1320817.0,0.0,1.0
2019-01-08,1155,213.67,215.12,210.38,214.28,214.28,763905.0,0.0,1.0
2019-01-09,1156,215.21,218.95,214.03,216.95,216.95,571950.0,0.0,1.0
2019-01-10,1157,215.32,219.1342,214.1,217.96,217.96,408311.0,0.0,1.0
2019-01-11,1158,215.96,218.94,214.01,218.1,218.1,406047.0,0.0,1.0
2019-01-14,1159,216.09,217.9,214.49,215.58,215.58,422234.0,0.0,1.0
2019-01-15,1160,216.44,223.5,216.44,222.85,222.85,706735.0,0.0,1.0
2019-01-16,1161,222.88,227.25,220.93,221.24,221.24,527022.0,0.0,1.0
2019-01-17,1162,219.79,222.15,219.64,221.03,221.03,686765.0,0.0,1.0
2019-01-18,1163,229.19,233.16,225.0,232.08,232.08,1465995.0,0.0,1.0
2019-01-22,1164,230.0,230.24,221.67,222.99,222.99,823862.0,0.0,1.0
2019-01-23,1165,224.98,227.2272,220.01,222.29,222.29,449980.0,0.0,1.0
2019-01-24,1166,222.53,226.9,222.53,226.45,226.45,407250.0,0.0,1.0
2019-01-25,1167,227.98,228.8,226.01,227.26,227.26,746941.0,0.0,1.0
2019-01-28,1168,223.5,223.51,211.34,215.32,215.32,1161552.0,0.0,1.0
2019-01-29,1169,215.15,216.01,205.4,206.42,206.42,1016882.0,0.0,1.0
2019-01-30,1170,209.0,210.73,204.9352,210.24,210.24,834236.0,0.0,1.0
2019-01-31,1171,210.5,216.07,210.25,214.78,214.78,614246.0,0.0,1.0
2019-02-01,1172,215.33,222.81,215.27,220.5,220.5,853316.0,0.0,1.0
2019-02-04,1173,220.08,221.9167,217.16,218.43,218.43,501752.0,0.0,1.0
2019-02-05,1174,218.89,226.0,218.89,224.03,224.03,660539.0,0.0,1.0
2019-02-06,1175,224.46,227.0,222.77,224.67,224.67,530026.0,0.0,1.0
2019-02-07,1176,222.84,224.0,218.4,220.28,220.28,400454.0,0.0,1.0
2019-02-08,1177,218.44,226.39,218.44,226.34,226.34,707730.0,0.0,1.0
2019-02-11,1178,227.73,230.8,227.24,229.18,229.18,727295.0,0.0,1.0
2019-02-12,1179,231.32,239.4,230.63,238.45,238.45,1351139.0,0.0,1.0
2019-02-13,1180,240.0,240.5,233.765,236.4,236.4,977214.0,0.0,1.0
2019-02-14,1181,236.77,242.34,236.0528,240.78,240.78,1586327.0,0.0,1.0
2019-02-15,1182,259.75,268.6128,254.8,263.95,263.95,4090116.0,0.0,1.0
2019-02-19,1183,264.59,272.72,263.68,269.58,269.58,1911107.0,0.0,1.0
2019-02-20,1184,270.17,274.815,267.22,270.72,270.72,1128586.0,0.0,1.0
2019-02-21,1185,268.19,271.87,266.546,270.5,270.5,689732.0,0.0,1.0
2019-02-22,1186,271.88,275.35,270.82,274.97,274.97,746430.0,0.0,1.0
2019-02-25,1187,278.5,283.01,278.5,279.3,279.3,874264.0,0.0,1.0
2019-02-26,1188,278.25,281.86,278.25,280.53,280.53,654830.0,0.0,1.0
2019-02-27,1189,280.5,285.0,280.1,283.99,283.99,690576.0,0.0,1.0
2019-02-28,1190,283.99,286.55,281.965,285.25,285.25,660369.0,0.0,1.0
2019-03-01,1191,287.6,288.49,283.83,286.54,286.54,837932.0,0.0,1.0
2019-03-04,1192,288.0,289.77,279.4617,284.4,284.4,787692.0,0.0,1.0
2019-03-05,1193,284.78,285.22,276.04,277.78,277.78,1087893.0,0.0,1.0
2019-03-06,1194,277.11,279.0,268.73,275.1,275.1,896336.0,0.0,1.0
2019-03-07,1195,275.54,278.0,271.42,276.23,276.23,550855.0,0.0,1.0
2019-03-08,1196,269.52,275.33,266.63,274.55,274.55,555657.0,0.0,1.0
2019-03-11,1197,275.23,283.53,275.23,281.8,281.8,568841.0,0.0,1.0
2019-03-12,1198,283.04,287.28,281.22,285.09,285.09,715025.0,0.0,1.0
2019-03-13,1199,288.86,296.0,287.1,292.51,292.51,1145493.0,0.0,1.0
2019-03-14,1200,291.81,293.965,289.8218,292.61,292.61,509742.0,0.0,1.0
2019-03-15,1201,294.8,299.59,293.33,296.76,296.76,1026512.0,0.0,1.0
2019-03-18,1202,296.76,304.97,294.8218,299.2,299.2,1042074.0,0.0,1.0
2019-03-19,1203,300.49,300.75,294.6,295.18,295.18,904514.0,0.0,1.0
2019-03-20,1204,297.55,300.02,294.94,298.45,298.45,592173.0,0.0,1.0
2019-03-21,1205,304.61,316.67,303.16,315.02,315.02,1665117.0,0.0,1.0
2019-03-22,1206,312.33,314.9,299.59,300.16,300.16,1134844.0,0.0,1.0
2019-03-25,1207,298.12,302.4,295.18,301.23,301.23,624225.0,0.0,1.0
2019-03-26,1208,305.6,314.2776,305.56,309.8,309.8,959027.0,0.0,1.0
2019-03-27,1209,310.98,314.08,305.53,311.33,311.33,785820.0,0.0,1.0
2019-03-28,1210,312.24,315.18,309.93,312.3,312.3,639041.0,0.0,1.0
2019-03-29,1211,314.95,316.235,311.7,314.46,314.46,670024.0,0.0,1.0
2019-04-01,1212,318.74,319.41,314.7001,318.36,318.36,794628.0,0.0,1.0
2019-04-02,1213,318.96,320.88,317.05,318.43,318.43,645599.0,0.0,1.0
2019-04-03,1214,322.77,325.0,319.65,321.75,321.75,770586.0,0.0,1.0
2019-04-04,1215,322.0,323.98,310.47,313.15,313.15,960830.0,0.0,1.0
2019-04-05,1216,314.32,315.94,310.965,311.06,311.06,877097.0,0.0,1.0
2019-04-08,1217,310.21,317.07,306.4633,316.9,316.9,588795.0,0.0,1.0
2019-04-09,1218,315.8,319.31,314.2477,317.19,317.19,442646.0,0.0,1.0
2019-04-10,1219,317.65,323.01,317.595,322.25,322.25,637424.0,0.0,1.0
2019-04-11,1220,324.0,324.0,319.2,322.23,322.23,550800.0,0.0,1.0
2019-04-12,1221,325.0,326.495,323.12,324.77,324.77,464902.0,0.0,1.0
2019-04-15,1222,324.91,329.25,324.29,327.34,327.34,543927.0,0.0,1.0
2019-04-16,1223,329.51,330.53,326.76,328.54,328.54,597897.0,0.0,1.0
2019-04-17,1224,331.0,331.27,326.2288,328.04,328.04,530200.0,0.0,1.0
2019-04-18,1225,328.46,329.34,320.12,323.38,323.38,769847.0,0.0,1.0
2019-04-22,1226,323.0,328.5,322.23,327.6,327.6,515542.0,0.0,1.0
2019-04-23,1227,322.73,326.0088,315.64,321.06,321.06,1103467.0,0.0,1.0
2019-04-24,1228,321.15,328.25699999999995,321.15,325.23,325.23,784148.0,0.0,1.0
