date,1. open,2. high,3. low,4. close,5. adjusted close,6. volume,7. dividend amount,8. split coefficient
2014-07-31,23.0,24.0,22.6,23.0,21.7159,56477500.0,0.0,1.0
2014-08-01,22.9,23.0,22.67,23.0,21.7159,6458100.0,0.0,1.0
2014-08-04,23.1,23.13,22.9,23.0,21.7159,3453900.0,0.0,1.0
2014-08-05,22.99,23.01,22.67,23.0,21.7159,4449000.0,0.0,1.0
2014-08-06,22.8,22.98,22.67,22.98,21.697,6993400.0,0.0,1.0
2014-08-07,22.89,23.0,22.8,22.93,21.6498,3186900.0,0.0,1.0
2014-08-08,22.93,23.03,22.8,22.95,21.6687,2855000.0,0.0,1.0
2014-08-11,22.9,22.93,22.8,22.93,21.6498,1767500.0,0.0,1.0
2014-08-12,22.89,23.0,22.83,23.0,21.7159,1549700.0,0.0,1.0
2014-08-13,23.0,23.23,22.88,23.18,21.8858,1659100.0,0.0,1.0
2014-08-14,23.2,23.22,22.95,23.01,21.7253,1391700.0,0.0,1.0
2014-08-15,23.02,23.08,23.0,23.0,21.7159,1948100.0,0.0,1.0
2014-08-18,23.06,23.17,23.02,23.17,21.8764,1073700.0,0.0,1.0
2014-08-19,23.2,24.435,23.2,24.41,23.0472,2851800.0,0.0,1.0
2014-08-20,24.3,25.59,24.26,25.19,23.7836,3544500.0,0.0,1.0
2014-08-21,25.47,25.52,24.92,25.39,23.9725,2358000.0,0.0,1.0
2014-08-22,25.25,25.43,25.1,25.36,23.9441,891600.0,0.0,1.0
2014-08-25,25.37,25.4,24.88,25.12,23.7175,1185400.0,0.0,1.0
2014-08-26,25.0,25.1,24.94,25.05,23.6514,951000.0,0.0,1.0
2014-08-27,25.0,25.54,24.95,25.47,24.048,1230600.0,0.0,1.0
2014-08-28,25.4,25.84,25.31,25.69,24.2557,981700.0,0.0,1.0
2014-08-29,25.81,25.94,25.45,25.79,24.3501,981200.0,0.0,1.0
2014-09-02,25.7,25.9,25.52,25.79,24.3501,1873200.0,0.0,1.0
2014-09-03,25.99,25.997,25.63,25.79,24.3501,996500.0,0.0,1.0
2014-09-04,25.53,25.75,25.51,25.7,24.2652,1117500.0,0.0,1.0
2014-09-05,25.7,26.02,25.62,25.77,24.3312,1089800.0,0.0,1.0
2014-09-08,25.82,25.98,24.62,24.84,23.4532,2534800.0,0.0,1.0
2014-09-09,25.3,25.6,24.7,25.04,23.642,3608600.0,0.0,1.0
2014-09-10,25.19,25.305,24.69,24.7,23.321,1974600.0,0.0,1.0
2014-09-11,24.75,25.02,24.63,24.65,23.2738,2029100.0,0.0,1.0
2014-09-12,24.53,24.75,24.44,24.5,23.1321,1106800.0,0.0,1.0
2014-09-15,24.35,24.38,23.92,24.15,22.8017,1125600.0,0.0,1.0
2014-09-16,24.24,24.36,23.88,24.31,22.9528,1512100.0,0.0,1.0
2014-09-17,24.45,24.69,24.36,24.55,23.1794,940400.0,0.0,1.0
2014-09-18,24.57,24.84,24.56,24.67,23.2927,879100.0,0.0,1.0
2014-09-19,24.85,25.49,24.71,25.41,23.9913,5257900.0,0.0,1.0
2014-09-22,25.28,25.36,24.75,24.84,23.4532,735765.0,0.0,1.0
2014-09-23,24.66,24.7,24.18,24.58,23.2077,939952.0,0.0,1.0
2014-09-24,24.73,25.0,24.675,24.92,23.5287,964606.0,0.0,1.0
2014-09-25,24.98,24.98,24.61,24.63,23.2549,1349775.0,0.0,1.0
2014-09-26,24.61,24.8,24.34,24.77,23.3871,1252820.0,0.0,1.0
2014-09-29,24.57,24.775,24.34,24.7,23.321,1482038.0,0.0,1.0
2014-09-30,24.87,25.12,24.21,24.55,23.1794,8795069.0,0.0,1.0
2014-10-01,24.44,24.59,24.18,24.22,22.8678,1196643.0,0.0,1.0
2014-10-02,24.35,24.69,23.76,24.58,23.2077,1252964.0,0.0,1.0
2014-10-03,24.78,25.09,24.41,24.83,23.4437,1737477.0,0.0,1.0
2014-10-06,24.86,25.105,24.75,25.0,23.6042,1057137.0,0.0,1.0
2014-10-07,24.94,24.967,24.55,24.85,23.4626,803747.0,0.0,1.0
2014-10-08,24.81,25.02,24.7,25.02,23.6231,1074471.0,0.0,1.0
2014-10-09,25.02,25.06,24.43,24.55,23.1794,2536330.0,0.0,1.0
2014-10-10,24.5,24.72,24.14,24.2,22.8489,1561676.0,0.0,1.0
2014-10-13,24.26,24.77,24.2,24.46,23.0944,1726060.0,0.0,1.0
2014-10-14,24.63,24.95,24.5801,24.85,23.4626,1036448.0,0.0,1.0
2014-10-15,24.74,24.97,24.03,24.52,23.151,1529454.0,0.0,1.0
2014-10-16,24.2,24.8,24.13,24.6,23.2266,1888961.0,0.0,1.0
2014-10-17,24.72,25.1,24.65,24.78,23.3965,981663.0,0.0,1.0
2014-10-20,24.75,24.855,24.4,24.71,23.3304,938297.0,0.0,1.0
2014-10-21,24.77,25.26,24.71,25.17,23.7647,1699674.0,0.0,1.0
2014-10-22,25.25,25.45,25.15,25.38,23.963,1546051.0,0.0,1.0
2014-10-23,25.47,25.91,25.44,25.81,24.369,970103.0,0.0,1.0
2014-10-24,25.75,26.36,25.75,26.11,24.6523,1223120.0,0.0,1.0
2014-10-27,26.08,26.794,26.02,26.53,25.0488,1011418.0,0.0,1.0
2014-10-28,26.73,27.1026,26.6025,26.85,25.3509,1002285.0,0.0,1.0
2014-10-29,26.81,27.08,26.67,27.0,25.4926,730107.0,0.0,1.0
2014-10-30,29.0,29.16,28.6408,29.03,27.4092,1038922.0,0.0,1.0
2014-10-31,27.05,27.11,26.85,27.02,25.5115,934642.0,0.0,1.0
2014-11-03,27.08,27.76,26.85,27.34,25.8136,983695.0,0.0,1.0
2014-11-04,27.3,27.45,26.25,27.01,25.502,999259.0,0.0,1.0
2014-11-05,27.19,27.5,26.701,27.47,25.9363,587333.0,0.0,1.0
2014-11-06,27.51,27.77,27.27,27.58,26.0402,993082.0,0.0,1.0
2014-11-07,27.72,28.17,27.25,28.15,26.5784,1165771.0,0.0,1.0
2014-11-10,28.23,28.87,28.0,28.77,27.1638,1474182.0,0.0,1.0
2014-11-11,28.8,29.26,28.7,29.11,27.4848,1643700.0,0.0,1.0
2014-11-12,29.0,29.16,28.6408,29.03,27.4092,1033749.0,0.0,1.0
2014-11-13,29.01,29.23,28.82,28.99,27.3715,1656777.0,0.0,1.0
2014-11-14,28.92,29.56,28.85,29.05,27.4281,1912049.0,0.0,1.0
2014-11-17,29.05,29.25,28.83,29.13,27.5037,1010340.0,0.0,1.0
2014-11-18,29.21,29.43,28.785,28.95,27.3337,948922.0,0.0,1.0
2014-11-19,28.99,29.0,28.65,28.94,27.3243,2141818.0,0.0,1.0
2014-11-20,28.96,29.35,28.91,29.24,27.6075,1300558.0,0.0,1.0
2014-11-21,29.3,29.4,29.01,29.17,27.5414,1003929.0,0.0,1.0
2014-11-24,29.27,29.41,28.85,28.97,27.3526,1177464.0,0.0,1.0
2014-11-25,28.93,29.32,28.03,28.66,27.0599,5938515.0,0.0,1.0
2014-11-26,28.83,29.08,28.74,28.8,27.1921,1327421.0,0.0,1.0
2014-11-28,28.75,29.03,28.75,29.01,27.3904,425175.0,0.0,1.0
2014-12-01,29.0,29.13,28.73,28.88,27.2676,1020970.0,0.0,1.0
2014-12-02,28.94,29.305,28.8872,29.05,27.4281,1091159.0,0.0,1.0
2014-12-03,29.12,29.14,28.9,29.0,27.3809,730226.0,0.0,1.0
2014-12-04,29.01,29.34,28.91,29.15,27.5225,828984.0,0.0,1.0
2014-12-05,29.28,29.29,28.93,29.25,27.617,818673.0,0.0,1.0
2014-12-08,29.29,29.84,29.02,29.51,27.8624,1644063.0,0.0,1.0
2014-12-09,29.53,29.635,29.1975,29.52,27.8719,1086930.0,0.0,1.0
2014-12-10,29.55,29.9,29.5,29.65,27.9946,759983.0,0.0,1.0
2014-12-11,29.67,30.0,29.432,29.52,27.8719,1057901.0,0.0,1.0
2014-12-12,29.33,29.48,28.93,29.0,27.3809,1632487.0,0.0,1.0
2014-12-15,29.15,29.21,28.16,28.63,27.0316,1310487.0,0.0,1.0
2014-12-16,28.6,28.66,28.15,28.44,26.8522,2241546.0,0.0,1.0
2014-12-17,28.52,28.99,28.32,28.9,27.2865,1311935.0,0.0,1.0
2014-12-18,29.38,29.88,28.94,29.75,28.089,1015666.0,0.0,1.0
2014-12-19,29.82,30.05,29.79,30.0,28.3251,1338635.0,0.0,1.0
2014-12-22,29.61,29.97,29.505,29.85,28.1835,770971.0,0.0,1.0
2014-12-23,30.04,30.3,29.72,30.0,28.3251,504084.0,0.0,1.0
2014-12-24,30.11,30.17,29.97,30.11,28.4289,78580.0,0.0,1.0
2014-12-26,30.17,30.62,30.066,30.5,28.7972,426545.0,0.0,1.0
2014-12-29,30.45,30.64,30.27,30.46,28.7594,299211.0,0.0,1.0
2014-12-30,30.49,30.5,29.89,30.0,28.3251,518111.0,0.0,1.0
2014-12-31,30.11,30.13,29.68,29.75,28.089,429964.0,0.0,1.0
2015-01-02,29.79,29.8,29.35,29.48,27.8341,579959.0,0.0,1.0
2015-01-05,29.38,29.62,28.68,29.25,27.617,1593916.0,0.0,1.0
2015-01-06,29.4,29.43,28.45,28.85,27.2393,2198339.0,0.0,1.0
2015-01-07,29.52,29.68,28.91,29.2,27.5697,1365129.0,0.0,1.0
2015-01-08,29.53,30.1,29.49,29.98,28.3062,835026.0,0.0,1.0
2015-01-09,30.07,30.07,29.49,29.7,28.0418,472157.0,0.0,1.0
2015-01-12,29.76,29.8,29.53,29.53,27.8813,756826.0,0.0,1.0
2015-01-13,29.77,30.0,29.46,29.71,28.0513,630157.0,0.0,1.0
2015-01-14,29.39,29.6,29.07,29.15,27.5225,866825.0,0.0,1.0
2015-01-15,29.19,29.25,27.92,28.52,26.9277,1094307.0,0.0,1.0
2015-01-16,28.34,29.05,28.206,28.99,27.3715,425216.0,0.0,1.0
2015-01-20,28.99,29.195,28.61,29.1,27.4753,958207.0,0.0,1.0
2015-01-21,29.1,29.29,28.97,29.18,27.5509,863735.0,0.0,1.0
2015-01-22,29.22,29.5,28.43,29.05,27.4281,2514827.0,0.0,1.0
2015-01-23,30.0,32.0,29.0,30.97,29.2409,3174311.0,0.0,1.0
2015-01-26,30.8,31.46,30.72,31.33,29.5808,3123229.0,0.0,1.0
2015-01-27,31.19,31.4999,30.89,31.32,29.5714,1401782.0,0.0,1.0
2015-01-28,31.76,31.76,31.1,31.25,29.5053,1038068.0,0.0,1.0
2015-01-29,31.22,31.49,31.0,31.23,29.4864,1383433.0,0.0,1.0
2015-01-30,31.11,31.33,30.77,30.86,29.1371,1255059.0,0.0,1.0
2015-02-02,30.84,31.19,30.69,31.16,29.4203,758830.0,0.0,1.0
2015-02-03,31.3,31.5,30.96,31.13,29.392,919994.0,0.0,1.0
2015-02-04,31.11,31.38,30.98,31.25,29.5053,1276172.0,0.0,1.0
2015-02-05,31.27,32.08,31.13,32.0,30.2134,1114358.0,0.0,1.0
2015-02-06,32.07,32.68,31.965,32.14,30.3456,1115925.0,0.0,1.0
2015-02-09,32.12,32.405,32.01,32.4,30.5911,1118072.0,0.0,1.0
2015-02-10,32.62,33.13,32.37,33.11,31.2614,2354003.0,0.0,1.0
2015-02-11,33.25,33.61,33.01,33.55,31.6769,2110842.0,0.0,1.0
2015-02-12,33.74,33.96,33.53,33.61,31.7335,2334621.0,0.0,1.0
2015-02-13,33.39,33.57,32.62,32.8,30.9688,1234821.0,0.0,1.0
2015-02-17,32.8,32.81,31.85,31.92,30.1379,1728014.0,0.0,1.0
2015-02-18,31.8,32.2,31.75,31.91,30.1284,1054540.0,0.0,1.0
2015-02-19,31.94,32.08,31.79,31.88,30.1001,556185.0,0.0,1.0
2015-02-20,31.96,32.77,31.675,32.59,30.7705,2082271.0,0.0,1.0
2015-02-23,32.56,32.7108,32.25,32.62,30.7988,868710.0,0.0,1.0
2015-02-24,32.46,33.0,31.91,32.36,30.5533,1028756.0,0.0,1.0
2015-02-25,32.33,32.59,32.1,32.29,30.4872,672495.0,0.0,1.0
2015-02-26,32.53,32.71,32.36,32.45,30.6383,356757.0,0.0,1.0
2015-02-27,32.37,32.55,31.93,31.95,30.1662,553121.0,0.0,1.0
2015-03-02,31.67,32.04,31.2212,31.96,30.1757,785989.0,0.0,1.0
2015-03-03,32.16,32.25,31.85,32.14,30.3456,484593.0,0.0,1.0
2015-03-04,32.05,32.05,31.82,31.89,30.1096,439583.0,0.0,1.0
2015-03-05,31.98,32.47,31.78,31.96,30.1757,485965.0,0.0,1.0
2015-03-06,31.94,32.0,31.19,31.2,29.4581,694099.0,0.0,1.0
2015-03-09,31.34,32.155,31.25,31.98,30.1945,776250.0,0.0,1.0
2015-03-10,31.8,31.93,31.085,31.1,29.3637,912289.0,0.0,1.0
2015-03-11,31.25,31.72,31.11,31.55,29.7885,588889.0,0.0,1.0
2015-03-12,31.78,32.02,31.56,31.89,30.1096,503184.0,0.0,1.0
2015-03-13,31.87,31.94,31.26,31.82,30.0435,889927.0,0.0,1.0
2015-03-16,32.0,32.0,31.79,31.95,30.1662,628174.0,0.0,1.0
2015-03-17,31.68,32.44,31.58,32.23,30.4306,818485.0,0.0,1.0
2015-03-18,32.21,32.21,31.63,31.92,30.1379,630626.0,0.0,1.0
2015-03-19,31.92,32.4,31.84,32.37,30.5628,657002.0,0.0,1.0
2015-03-20,32.5,32.885,32.21,32.25,30.4495,1498010.0,0.0,1.0
2015-03-23,32.19,32.53,31.77,31.78,30.0057,653907.0,0.0,1.0
2015-03-24,31.78,31.92,31.5,31.65,29.883,723565.0,0.0,1.0
2015-03-25,31.38,31.51,30.83,30.92,29.1937,1175374.0,0.0,1.0
2015-03-26,31.01,31.03,30.37,30.61,28.901,887918.0,0.0,1.0
2015-03-27,30.74,30.74,29.93,30.06,28.3817,960646.0,0.0,1.0
2015-03-30,30.16,30.41,30.06,30.29,28.5989,577155.0,0.0,1.0
2015-03-31,30.24,30.49,29.97,30.35,28.6555,1384355.0,0.0,1.0
2015-04-01,30.13,30.69,29.91,30.41,28.7122,1138728.0,0.0,1.0
2015-04-02,30.4,30.71,30.24,30.61,28.901,841350.0,0.0,1.0
2015-04-06,30.5,30.8299,29.69,29.84,28.174,1070757.0,0.0,1.0
2015-04-07,30.13,30.72,29.5,29.76,28.0985,1467380.0,0.0,1.0
2015-04-08,29.8,30.15,29.7275,29.97,28.2968,734317.0,0.0,1.0
2015-04-09,30.02,30.35,29.9,30.14,28.4573,839598.0,0.0,1.0
2015-04-10,30.24,30.75,30.15,30.59,28.8821,1288773.0,0.0,1.0
2015-04-13,30.51,30.805,30.4,30.64,28.9293,1199517.0,0.0,1.0
2015-04-14,30.67,30.84,30.51,30.52,28.816,806462.0,0.0,1.0
2015-04-15,30.51,30.81,30.48,30.68,28.9671,389864.0,0.0,1.0
2015-04-16,30.7,30.94,30.3001,30.77,29.0521,1208431.0,0.0,1.0
2015-04-17,31.0,31.0,30.22,30.52,28.816,1362547.0,0.0,1.0
2015-04-20,31.1,31.28,30.6,30.9,29.1748,2179450.0,0.0,1.0
2015-04-21,30.98,31.35,30.9,31.2,29.4581,1879755.0,0.0,1.0
2015-04-22,31.8,32.04,31.02,31.04,29.307,2040650.0,0.0,1.0
2015-04-23,31.52,31.55,30.83,30.96,29.2315,1391268.0,0.0,1.0
2015-04-24,30.93,31.12,30.63,30.82,29.0993,661697.0,0.0,1.0
2015-04-27,30.83,31.01,30.56,30.62,28.9105,625480.0,0.0,1.0
2015-04-28,30.81,30.88,30.5,30.66,28.9482,567723.0,0.0,1.0
2015-04-29,30.57,31.06,30.27,30.74,29.0238,1600425.0,0.0,1.0
2015-04-30,30.71,31.4,30.64,31.15,29.4109,1228557.0,0.0,1.0
2015-05-01,31.39,31.55,31.245,31.52,29.7602,594781.0,0.0,1.0
2015-05-04,31.55,31.72,31.45,31.71,29.9396,609980.0,0.0,1.0
2015-05-05,31.9,32.25,31.74,31.94,30.1568,1271574.0,0.0,1.0
2015-05-06,32.17,32.23,31.78,32.09,30.2984,943264.0,0.0,1.0
2015-05-07,32.06,32.66,31.81,32.65,30.8271,1095478.0,0.0,1.0
2015-05-08,32.73,33.21,32.64,33.2,31.3464,936180.0,0.0,1.0
2015-05-11,33.17,33.31,32.785,32.89,31.0537,549231.0,0.0,1.0
2015-05-12,32.34,33.34,32.04,33.12,31.2709,2022512.0,0.0,1.0
2015-05-13,33.12,33.42,32.74,32.9,31.0632,1075821.0,0.0,1.0
2015-05-14,32.98,33.13,32.37,32.77,30.9404,1448969.0,0.0,1.0
2015-05-15,32.86,32.905,31.765,31.81,30.034,1300124.0,0.0,1.0
2015-05-18,31.82,31.87,31.5,31.84,30.0624,796481.0,0.0,1.0
2015-05-19,31.84,32.06,31.8002,32.06,30.2701,743144.0,0.0,1.0
2015-05-20,32.19,32.76,31.9861,32.65,30.8271,634498.0,0.0,1.0
2015-05-21,32.59,32.78,32.39,32.47,30.6572,430394.0,0.0,1.0
2015-05-22,32.41,32.7,32.17,32.5,30.6855,360571.0,0.0,1.0
2015-05-26,32.46,32.5,31.87,32.12,30.3267,566169.0,0.0,1.0
2015-05-27,32.13,32.6,32.1,32.46,30.6477,346149.0,0.0,1.0
2015-05-28,32.33,32.66,32.25,32.53,30.7138,355820.0,0.0,1.0
2015-05-29,32.56,32.59,32.125,32.29,30.4872,849985.0,0.0,1.0
2015-06-01,32.36,32.62,31.9,32.41,30.6005,483049.0,0.0,1.0
2015-06-02,32.28,32.77,32.26,32.65,30.8271,466741.0,0.0,1.0
2015-06-03,32.69,33.62,32.51,33.18,31.3275,1834946.0,0.0,1.0
2015-06-04,33.04,33.11,32.675,32.75,30.9215,793011.0,0.0,1.0
2015-06-05,32.85,32.89,32.51,32.8,30.9688,318954.0,0.0,1.0
2015-06-08,32.79,32.8,32.585,32.65,30.8271,484041.0,0.0,1.0
2015-06-09,32.62,32.92,32.5,32.86,31.0254,700272.0,0.0,1.0
2015-06-10,32.97,33.34,32.82,33.3,31.4408,731181.0,0.0,1.0
2015-06-11,33.29,33.88,33.16,33.22,31.3653,1152193.0,0.0,1.0
2015-06-12,33.17,33.4,32.86,33.12,31.2709,489013.0,0.0,1.0
2015-06-15,32.92,33.14,32.53,32.97,31.1293,1670466.0,0.0,1.0
2015-06-16,33.0,33.16,32.445,32.5,30.6855,632006.0,0.0,1.0
2015-06-17,32.6,32.99,32.44,32.75,30.9215,497659.0,0.0,1.0
2015-06-18,32.8,33.14,32.69,32.82,30.9876,590456.0,0.0,1.0
2015-06-19,32.91,32.97,32.69,32.92,31.0821,492127.0,0.0,1.0
2015-06-22,33.03,33.25,32.77,32.91,31.0726,459039.0,0.0,1.0
2015-06-23,32.99,33.28,32.91,32.99,31.1481,664924.0,0.0,1.0
2015-06-24,32.99,33.205,32.71,32.76,30.931,521696.0,0.0,1.0
2015-06-25,32.86,32.86,32.43,32.81,30.9782,705712.0,0.0,1.0
2015-06-26,32.88,33.16,32.5,32.7,30.8743,2129424.0,0.0,1.0
2015-06-29,32.42,32.56,32.17,32.23,30.4306,738689.0,0.0,1.0
2015-06-30,32.56,33.045,32.374,32.93,31.0915,911643.0,0.0,1.0
2015-07-01,33.1,33.33,32.83,33.32,31.4597,570175.0,0.0,1.0
2015-07-02,33.37,33.38,32.95,33.14,31.2898,489977.0,0.0,1.0
2015-07-06,32.91,32.91,32.32,32.5,30.6855,1133400.0,0.0,1.0
2015-07-07,32.61,32.79,32.17,32.5,30.6855,1575200.0,0.0,1.0
2015-07-08,32.44,32.46,31.945,32.01,30.2229,621531.0,0.0,1.0
2015-07-09,32.56,32.97,32.38,32.6,30.7799,811691.0,0.0,1.0
2015-07-10,32.9,33.38,32.72,33.07,31.2237,727158.0,0.0,1.0
2015-07-13,33.33,33.5,32.94,33.35,31.488,1054607.0,0.0,1.0
2015-07-14,33.38,33.93,33.25,33.77,31.8846,999771.0,0.0,1.0
2015-07-15,33.9,34.365,33.63,34.14,32.2339,830967.0,0.0,1.0
2015-07-16,34.26,34.46,34.07,34.13,32.2245,636575.0,0.0,1.0
2015-07-17,34.5,35.73,34.19,35.08,33.1215,1233963.0,0.0,1.0
2015-07-20,35.3,36.21,35.3,35.99,33.9807,1192762.0,0.0,1.0
2015-07-21,36.02,36.4,35.566,35.61,33.6219,822130.0,0.0,1.0
2015-07-22,35.58,35.88,35.07,35.68,33.688,784684.0,0.0,1.0
2015-07-23,35.84,36.07,35.43,35.63,33.6408,507264.0,0.0,1.0
2015-07-24,35.53,35.67,34.63,34.68,32.7438,831323.0,0.0,1.0
2015-07-27,34.62,34.9,34.27,34.62,32.6871,487549.0,0.0,1.0
2015-07-28,34.75,34.89,33.98,34.23,32.3189,1762153.0,0.0,1.0
2015-07-29,34.27,34.71,34.196,34.48,32.555,1141699.0,0.0,1.0
2015-07-30,34.58,34.81,34.2,34.6,32.6683,989147.0,0.0,1.0
2015-07-31,34.61,34.76,34.35,34.36,32.4417,941816.0,0.0,1.0
2015-08-03,34.43,34.54,34.16,34.36,32.4417,569162.0,0.0,1.0
2015-08-04,34.37,34.8,34.3,34.41,32.4889,1228452.0,0.0,1.0
2015-08-05,34.6,34.78,34.25,34.56,32.6305,919691.0,0.0,1.0
2015-08-06,34.78,34.82,34.03,34.13,32.2245,631577.0,0.0,1.0
2015-08-07,34.06,34.21,33.435,33.98,32.0829,646830.0,0.0,1.0
2015-08-10,34.12,34.64,34.03,34.62,32.6871,504533.0,0.0,1.0
2015-08-11,34.59,34.68,34.12,34.67,32.7344,942887.0,0.0,1.0
2015-08-12,34.67,35.0,34.26,34.96,33.0082,1265596.0,0.0,1.0
2015-08-13,34.96,35.35,34.72,35.16,33.197,797757.0,0.0,1.0
2015-08-14,35.5,35.5,34.79,35.14,33.1781,529529.0,0.0,1.0
2015-08-17,34.86,35.35,34.5,35.32,33.3481,505656.0,0.0,1.0
2015-08-18,35.27,35.4599,34.98,35.14,33.1781,567503.0,0.0,1.0
2015-08-19,34.88,35.27,34.43,34.96,33.0082,669139.0,0.0,1.0
2015-08-20,34.62,34.685,34.16,34.36,32.4417,1342319.0,0.0,1.0
2015-08-21,33.9,34.18,33.605,33.72,31.8374,2185382.0,0.0,1.0
2015-08-24,32.22,33.66,30.27,33.15,31.2992,3017046.0,0.0,1.0
2015-08-25,33.73,33.97,32.61,32.99,31.1481,2336863.0,0.0,1.0
2015-08-26,33.45,33.45,32.23,32.67,30.846,2290549.0,0.0,1.0
2015-08-27,32.99,32.99,31.82,32.33,30.525,2728237.0,0.0,1.0
2015-08-28,32.11,32.77,31.92,32.65,30.8271,1803987.0,0.0,1.0
2015-08-31,32.76,33.26,32.47,32.95,31.1104,1573158.0,0.0,1.0
2015-09-01,32.54,32.7,31.59,31.71,29.9396,2032866.0,0.0,1.0
2015-09-02,32.01,32.252,31.33,31.79,30.0151,1138242.0,0.0,1.0
2015-09-03,32.09,32.349,31.8475,32.19,30.3928,921339.0,0.0,1.0
2015-09-04,31.73,32.1,31.34,31.6,29.8358,1590429.0,0.0,1.0
2015-09-08,32.01,32.38,31.82,32.28,30.4778,1969648.0,0.0,1.0
2015-09-09,32.59,32.83,32.03,32.13,30.3362,4099915.0,0.0,1.0
2015-09-10,31.68,32.24,31.37,32.09,30.2984,2324248.0,0.0,1.0
2015-09-11,31.98,32.16,30.9,31.33,29.5808,2728279.0,0.0,1.0
2015-09-14,31.25,31.63,30.82,31.17,29.4298,3086653.0,0.0,1.0
2015-09-15,31.09,31.28,30.79,31.12,29.3826,2380418.0,0.0,1.0
2015-09-16,30.77,31.085,30.33,30.88,29.156,2265384.0,0.0,1.0
2015-09-17,30.81,31.33,30.67,30.77,29.0521,1058886.0,0.0,1.0
2015-09-18,30.51,30.7,30.12,30.56,28.8538,2047455.0,0.0,1.0
2015-09-21,30.56,31.0,30.25,30.87,29.1465,1573264.0,0.0,1.0
2015-09-22,30.72,30.82,30.2,30.58,28.8727,1376884.0,0.0,1.0
2015-09-23,30.66,31.08,30.49,31.06,29.3259,996285.0,0.0,1.0
2015-09-24,30.7,31.11,30.54,30.83,29.1087,1002746.0,0.0,1.0
2015-09-25,31.06,31.2,30.86,31.03,29.2976,552805.0,0.0,1.0
2015-09-28,31.0,31.34,30.42,31.16,29.4203,1110145.0,0.0,1.0
2015-09-29,31.07,31.2999,30.79,31.04,29.307,891061.0,0.0,1.0
2015-09-30,31.37,31.73,30.93,31.3,29.5525,2178364.0,0.0,1.0
2015-10-01,31.31,31.58,31.12,31.38,29.628,858774.0,0.0,1.0
2015-10-02,31.23,31.92,30.97,31.82,30.0435,1124547.0,0.0,1.0
2015-10-05,31.88,33.35,31.73,33.31,31.4503,1210230.0,0.0,1.0
2015-10-06,33.87,33.87,32.53,32.8,30.9688,1247664.0,0.0,1.0
2015-10-07,33.0,33.1,31.79,32.13,30.3362,1736348.0,0.0,1.0
2015-10-08,32.12,32.59,31.78,32.36,30.5533,763636.0,0.0,1.0
2015-10-09,32.31,33.0,32.3,32.39,30.5816,339469.0,0.0,1.0
2015-10-12,32.27,32.69,32.12,32.34,30.5344,377128.0,0.0,1.0
2015-10-13,32.19,32.365,31.82,31.82,30.0435,1163514.0,0.0,1.0
2015-10-14,31.76,31.82,31.45,31.53,29.7697,1311896.0,0.0,1.0
2015-10-15,31.19,32.13,30.51,31.32,29.5714,9633573.0,0.0,1.0
2015-10-16,31.37,31.37,29.75,30.15,28.4667,11815609.0,0.0,1.0
2015-10-19,30.05,31.465,28.91,31.34,29.5903,18520859.0,0.0,1.0
2015-10-20,31.76,32.9,31.34,32.34,30.5344,11088986.0,0.0,1.0
2015-10-21,32.4,32.9,32.02,32.46,30.6477,7452804.0,0.0,1.0
2015-10-22,32.7,32.812,31.29,31.83,30.0529,6706032.0,0.0,1.0
2015-10-23,32.03,32.5,31.495,31.69,29.9207,7348389.0,0.0,1.0
2015-10-26,31.83,31.87,30.84,31.4,29.6469,7209466.0,0.0,1.0
2015-10-27,31.23,31.76,31.04,31.73,29.9585,7722377.0,0.0,1.0
2015-10-28,31.72,31.91,31.15,31.45,29.6941,7079932.0,0.0,1.0
2015-10-29,31.18,31.4,30.675,30.92,29.1937,7730814.0,0.0,1.0
2015-10-30,30.94,31.0,30.66,30.76,29.0427,8618412.0,0.0,1.0
2015-11-02,30.56,31.41,30.56,31.33,29.5808,5771634.0,0.0,1.0
2015-11-03,31.1,32.58,31.1,32.44,30.6289,16475701.0,0.0,1.0
2015-11-04,32.24,33.17,31.81,32.08,30.289,12612449.0,0.0,1.0
2015-11-05,32.0,32.711,31.64,32.61,30.7894,10719384.0,0.0,1.0
2015-11-06,32.99,34.6,32.81,33.98,32.0829,15380561.0,0.0,1.0
2015-11-09,33.92,34.19,32.15,32.52,30.7044,18957855.0,0.0,1.0
2015-11-10,31.8,31.98,30.93,31.08,29.3448,38502767.0,0.0,1.0
2015-11-11,31.11,31.23,30.65,30.93,29.2032,42150354.0,0.0,1.0
2015-11-12,30.85,31.74,30.65,30.79,29.071,41435961.0,0.0,1.0
2015-11-13,30.75,31.49,30.44,30.52,28.816,31691276.0,0.0,1.0
2015-11-16,30.23,30.39,29.92,30.29,28.5989,25446278.0,0.0,1.0
2015-11-17,30.39,31.36,30.3,30.58,28.8727,128981936.0,0.0,1.0
2015-11-18,30.91,31.75,30.7,31.59,29.8263,28031671.0,0.0,1.0
2015-11-19,31.61,32.03,31.02,31.65,29.883,29436039.0,0.0,1.0
2015-11-20,31.89,31.89,31.15,31.35,29.5997,19893976.0,0.0,1.0
2015-11-23,31.88,32.25,31.33,31.55,29.7885,26615860.0,0.0,1.0
2015-11-24,31.21,31.95,31.19,31.34,29.5903,47529204.0,0.0,1.0
2015-11-25,31.46,31.87,31.25,31.53,29.7697,15495472.0,0.0,1.0
2015-11-27,31.7,31.84,31.3,31.35,29.5997,8373712.0,0.0,1.0
2015-11-30,31.57,31.94,31.43,31.83,30.0529,20225926.0,0.0,1.0
2015-12-01,32.12,32.44,31.86,32.41,30.6005,11681628.0,0.0,1.0
2015-12-02,32.6,32.6,31.75,31.84,30.0624,8992369.0,0.0,1.0
2015-12-03,31.89,32.05,30.89,31.09,29.3542,20610451.0,0.0,1.0
2015-12-04,31.24,32.03,31.11,32.03,30.2417,15782103.0,0.0,1.0
2015-12-07,31.95,32.1,31.12,31.35,29.5997,11885459.0,0.0,1.0
2015-12-08,31.18,31.405,30.765,31.36,29.6092,15177338.0,0.0,1.0
2015-12-09,31.34,31.585,30.36,30.61,28.901,16063090.0,0.0,1.0
2015-12-10,30.72,31.31,30.66,31.05,29.3165,9435120.0,0.0,1.0
2015-12-11,30.67,30.78,29.815,29.97,28.2968,10431574.0,0.0,1.0
2015-12-14,30.14,30.355,29.32,29.68,28.0229,15770841.0,0.0,1.0
2015-12-15,30.0,30.245,29.72,30.08,28.4006,9655591.0,0.0,1.0
2015-12-16,30.4,30.68,29.94,30.53,28.8255,8651272.0,0.0,1.0
2015-12-17,30.64,30.75,30.0,30.01,28.3345,8002809.0,0.0,1.0
2015-12-18,29.88,30.0,29.35,29.51,27.8624,15109060.0,0.0,1.0
2015-12-21,29.66,30.06,29.55,29.73,28.0702,5809868.0,0.0,1.0
2015-12-22,29.99,30.34,29.76,30.21,28.5234,6522420.0,0.0,1.0
2015-12-23,30.4,30.56,29.94,30.51,28.8066,4824420.0,0.0,1.0
2015-12-24,30.48,30.7225,30.31,30.6,28.8916,1499019.0,0.0,1.0
2015-12-28,30.42,30.49,30.1,30.17,28.4856,3811578.0,0.0,1.0
2015-12-29,30.46,30.71,30.335,30.69,28.9766,3436911.0,0.0,1.0
2015-12-30,30.68,30.7,30.43,30.43,28.7311,2640808.0,0.0,1.0
2015-12-31,30.21,30.63,30.1,30.41,28.7122,3804880.0,0.0,1.0
2016-01-04,29.98,30.01,29.38,29.94,28.2684,8771114.0,0.0,1.0
2016-01-05,29.85,30.28,29.45,30.11,28.4289,7437973.0,0.0,1.0
2016-01-06,29.83,30.03,29.48,29.9,28.2307,9158180.0,0.0,1.0
2016-01-07,29.47,29.83,29.0,29.12,27.4942,11194050.0,0.0,1.0
2016-01-08,29.36,29.525,28.78,28.84,27.2298,10400003.0,0.0,1.0
2016-01-11,29.0,29.03,28.3,28.7,27.0977,11826062.0,0.0,1.0
2016-01-12,29.06,29.19,28.5,28.9,27.2865,8363108.0,0.0,1.0
2016-01-13,29.82,29.88,27.52,27.57,26.0307,15222260.0,0.0,1.0
2016-01-14,27.6,28.28,26.28,28.18,26.6067,20004582.0,0.0,1.0
2016-01-15,27.44,27.72,26.99,27.64,26.0968,14396237.0,0.0,1.0
2016-01-19,27.8,28.155,27.56,28.03,26.4651,9771981.0,0.0,1.0
2016-01-20,27.34,27.91,26.82,27.62,26.078,9686676.0,0.0,1.0
2016-01-21,27.62,28.25,27.3,27.73,26.1818,9063459.0,0.0,1.0
2016-01-22,29.3,29.44,28.75,29.06,27.4376,16868343.0,0.0,1.0
2016-01-25,29.08,29.25,28.39,28.48,26.8899,9094445.0,0.0,1.0
2016-01-26,28.51,28.92,28.32,28.66,27.0599,7516338.0,0.0,1.0
2016-01-27,28.55,29.02,28.28,28.44,26.8522,8639966.0,0.0,1.0
2016-01-28,28.5,28.85,27.59,27.99,26.4273,12522172.0,0.0,1.0
2016-01-29,28.13,28.43,27.29,28.42,26.8333,15306514.0,0.0,1.0
2016-02-01,28.43,28.6,27.93,28.47,26.8805,6804495.0,0.0,1.0
2016-02-02,28.23,28.29,26.97,27.01,25.502,15172443.0,0.0,1.0
2016-02-03,27.04,27.29,25.34,26.34,24.8694,24147150.0,0.0,1.0
2016-02-04,26.26,26.56,26.0,26.31,24.8411,16964891.0,0.0,1.0
2016-02-05,26.34,26.54,25.0,25.23,23.8214,15336191.0,0.0,1.0
2016-02-08,24.98,25.09,24.095,24.48,23.1133,16426970.0,0.0,1.0
2016-02-09,24.28,25.32,24.08,25.08,23.6798,13511563.0,0.0,1.0
2016-02-10,25.19,25.85,24.96,25.01,23.6137,7275536.0,0.0,1.0
2016-02-11,24.29,24.85,23.74,24.5,23.1321,12026033.0,0.0,1.0
2016-02-12,24.9,25.38,24.8,25.37,23.9536,6712044.0,0.0,1.0
2016-02-16,25.75,26.21,25.47,26.14,24.6806,9705946.0,0.0,1.0
2016-02-17,26.39,26.91,26.15,26.27,24.8033,10161420.0,0.0,1.0
2016-02-18,26.23,26.73,26.045,26.62,25.1338,8378475.0,0.0,1.0
2016-02-19,26.5,26.96,26.27,26.77,25.2754,7630581.0,0.0,1.0
2016-02-22,27.94,28.0,27.3838,27.71,26.1629,10824712.0,0.0,1.0
2016-02-23,27.71,27.77,27.05,27.51,25.9741,11508923.0,0.0,1.0
2016-02-24,27.17,27.77,26.68,27.73,26.1818,8471533.0,0.0,1.0
2016-02-25,27.7,27.89,27.405,27.78,26.229,6595878.0,0.0,1.0
2016-02-26,27.96,28.235,27.35,27.93,26.3707,8585856.0,0.0,1.0
2016-02-29,27.85,27.9324,26.9,26.95,25.4454,10729767.0,0.0,1.0
2016-03-01,27.25,27.53,26.78,27.53,25.993,11206892.0,0.0,1.0
2016-03-02,27.7,28.37,27.6,28.25,26.6728,10266364.0,0.0,1.0
2016-03-03,28.26,28.67,28.025,28.56,26.9655,8990302.0,0.0,1.0
2016-03-04,28.74,28.99,28.37,28.6,27.0032,6100881.0,0.0,1.0
2016-03-07,28.44,28.565,27.909,28.52,26.9277,6311647.0,0.0,1.0
2016-03-08,28.29,28.43,27.64,27.7,26.1535,6156825.0,0.0,1.0
2016-03-09,27.84,28.0599,27.54,27.68,26.1346,6987348.0,0.0,1.0
2016-03-10,27.8,28.22,27.3,27.81,26.2574,6062282.0,0.0,1.0
2016-03-11,28.14,28.85,28.055,28.82,27.211,8137113.0,0.0,1.0
2016-03-14,28.63,28.75,28.225,28.45,26.8616,3516280.0,0.0,1.0
2016-03-15,28.16,28.2245,27.57,27.68,26.1346,7092464.0,0.0,1.0
2016-03-16,27.65,27.825,27.41,27.62,26.078,9234015.0,0.0,1.0
2016-03-17,27.62,28.25,27.21,28.1,26.5312,8940546.0,0.0,1.0
2016-03-18,28.27,28.64,28.15,28.46,26.8711,10736400.0,0.0,1.0
2016-03-21,28.4,28.9,28.33,28.79,27.1826,6588437.0,0.0,1.0
2016-03-22,28.49,28.64,28.25,28.61,27.0127,5258708.0,0.0,1.0
2016-03-23,28.58,28.75,28.255,28.42,26.8333,4987733.0,0.0,1.0
2016-03-24,28.2,28.55,28.0665,28.45,26.8616,4163828.0,0.0,1.0
2016-03-28,28.51,28.5314,28.2099,28.38,26.7955,3162870.0,0.0,1.0
2016-03-29,28.26,28.43,27.9,28.4,26.8144,5991175.0,0.0,1.0
2016-03-30,28.54,28.745,28.25,28.38,26.7955,4875866.0,0.0,1.0
2016-03-31,28.38,28.76,28.08,28.66,27.0599,5304835.0,0.0,1.0
2016-04-01,28.62,29.5,28.51,29.33,27.6925,8118501.0,0.0,1.0
2016-04-04,29.24,29.36,28.86,28.97,27.3526,3868182.0,0.0,1.0
2016-04-05,28.61,28.79,28.4,28.61,27.0127,5061972.0,0.0,1.0
2016-04-06,28.49,28.7,28.12,28.65,27.0505,4227753.0,0.0,1.0
2016-04-07,28.42,28.51,27.8,27.97,26.4084,6413004.0,0.0,1.0
2016-04-08,27.9,28.42,27.76,28.02,26.4556,6297280.0,0.0,1.0
2016-04-11,28.06,28.41,27.86,27.87,26.314,5655809.0,0.0,1.0
2016-04-12,27.97,28.26,27.85,28.16,26.5878,6152841.0,0.0,1.0
2016-04-13,28.38,28.94,28.29,28.92,27.3054,7194680.0,0.0,1.0
2016-04-14,28.8,29.26,28.8,29.08,27.4564,4535409.0,0.0,1.0
2016-04-15,29.29,29.4,28.78,28.94,27.3243,3216311.0,0.0,1.0
2016-04-18,28.81,29.18,28.76,29.13,27.5037,2620088.0,0.0,1.0
2016-04-19,29.2,29.87,29.17,29.82,28.1551,7751610.0,0.0,1.0
2016-04-20,29.94,30.76,29.94,30.67,28.9577,11727068.0,0.0,1.0
2016-04-21,30.58,30.74,30.28,30.42,28.7216,6626706.0,0.0,1.0
2016-04-22,30.03,31.19,30.03,30.5,28.7972,9138493.0,0.0,1.0
2016-04-25,30.47,30.89,30.19,30.44,28.7405,5870194.0,0.0,1.0
2016-04-26,30.59,31.2,30.45,31.16,29.4203,7473373.0,0.0,1.0
2016-04-27,31.14,31.14,30.57,30.88,29.156,7985527.0,0.0,1.0
2016-04-28,30.62,31.23,30.5,30.97,29.2409,5919317.0,0.0,1.0
2016-04-29,30.78,31.0,30.285,30.57,28.8633,4897838.0,0.0,1.0
2016-05-02,30.78,31.45,30.69,31.33,29.5808,6897366.0,0.0,1.0
2016-05-03,30.99,31.18,30.63,31.08,29.3448,5487294.0,0.0,1.0
2016-05-04,30.76,30.8601,30.13,30.24,28.5517,6945602.0,0.0,1.0
2016-05-05,30.28,30.43,29.79,29.83,28.1646,5835767.0,0.0,1.0
2016-05-06,29.66,30.115,29.5,30.08,28.4006,6065153.0,0.0,1.0
2016-05-09,30.13,30.335,29.88,29.96,28.2873,2890863.0,0.0,1.0
2016-05-10,30.07,30.7,30.04,30.56,28.8538,3721321.0,0.0,1.0
2016-05-11,30.36,30.46,29.9,29.93,28.259,7770221.0,0.0,1.0
2016-05-12,30.21,30.23,29.32,29.42,27.7775,9348810.0,0.0,1.0
2016-05-13,29.29,29.65,28.95,29.04,27.4187,6895135.0,0.0,1.0
2016-05-16,29.04,29.32,28.91,28.94,27.3243,7667189.0,0.0,1.0
2016-05-17,28.79,29.699,28.73,29.27,27.6358,6261894.0,0.0,1.0
2016-05-18,29.27,30.125,29.21,30.11,28.4289,7386225.0,0.0,1.0
2016-05-19,29.86,30.25,29.58,29.94,28.2684,6118536.0,0.0,1.0
2016-05-20,30.04,30.37,29.74,29.88,28.2118,4905003.0,0.0,1.0
2016-05-23,29.78,30.03,29.47,29.83,28.1646,3360413.0,0.0,1.0
2016-05-24,30.0,30.44,29.97,30.3,28.6083,4699216.0,0.0,1.0
2016-05-25,30.43,30.975,30.4,30.66,28.9482,6028878.0,0.0,1.0
2016-05-26,30.64,30.98,30.4,30.89,29.1654,5692734.0,0.0,1.0
2016-05-27,31.0,31.24,30.766,31.16,29.4203,5267779.0,0.0,1.0
2016-05-31,31.38,31.38,31.02,31.2,29.4581,5877342.0,0.0,1.0
2016-06-01,31.15,31.33,30.76,31.29,29.5431,3105601.0,0.0,1.0
2016-06-02,31.25,31.29,30.885,31.28,29.5336,6289457.0,0.0,1.0
2016-06-03,30.92,31.19,30.25,30.72,29.0049,5753433.0,0.0,1.0
2016-06-06,30.73,31.09,30.7,31.03,29.2976,6480582.0,0.0,1.0
2016-06-07,31.11,31.84,30.73,31.61,29.8452,10576557.0,0.0,1.0
2016-06-08,31.59,31.97,31.59,31.95,30.1662,7482181.0,0.0,1.0
2016-06-09,31.72,31.72,31.2,31.41,29.6564,5764617.0,0.0,1.0
2016-06-10,31.09,31.15,30.63,30.8,29.0804,5913163.0,0.0,1.0
2016-06-13,30.66,30.89,30.4,30.44,28.7405,5938196.0,0.0,1.0
2016-06-14,29.26,29.26,25.45,26.45,24.9733,66003876.0,0.0,1.0
2016-06-15,26.49,27.17,25.93,26.5,25.0205,26797368.0,0.0,1.0
2016-06-16,26.24,26.28,25.6,26.0,24.5484,21833217.0,0.0,1.0
2016-06-17,25.97,26.01,25.58,25.77,24.3312,18246381.0,0.0,1.0
2016-06-20,26.02,26.03,25.32,25.55,24.1235,18357539.0,0.0,1.0
2016-06-21,25.68,26.25,25.5,25.85,24.4068,11457686.0,0.0,1.0
2016-06-22,25.81,26.23,25.465,25.5,24.0763,14686581.0,0.0,1.0
2016-06-23,25.78,26.04,25.5,26.0,24.5484,10441066.0,0.0,1.0
2016-06-24,24.95,25.47,24.55,24.64,23.2643,16053501.0,0.0,1.0
2016-06-27,24.3,24.32,23.25,23.36,22.0558,14961202.0,0.0,1.0
2016-06-28,23.71,24.05,23.6,23.93,22.594,12055028.0,0.0,1.0
2016-06-29,24.17,24.84,24.07,24.83,23.4437,8153630.0,0.0,1.0
2016-06-30,24.98,25.28,24.45,25.28,23.8686,10654647.0,0.0,1.0
2016-07-01,25.24,25.47,25.09,25.35,23.9347,6368809.0,0.0,1.0
2016-07-05,25.38,25.395,25.01,25.12,23.7175,7663912.0,0.0,1.0
2016-07-06,24.85,25.46,24.83,25.31,23.8969,6206643.0,0.0,1.0
2016-07-07,25.35,26.08,25.31,26.02,24.5673,14372028.0,0.0,1.0
2016-07-08,27.29,27.48,27.0,27.31,25.7853,12653090.0,0.0,1.0
2016-07-11,27.5,27.78,27.355,27.67,26.1252,6781560.0,0.0,1.0
2016-07-12,28.0,28.15,27.825,27.92,26.3612,7635209.0,0.0,1.0
2016-07-13,27.95,28.18,27.63,28.12,26.55,5206545.0,0.0,1.0
2016-07-14,28.59,28.66,28.09,28.3,26.72,5896333.0,0.0,1.0
2016-07-15,28.32,28.32,27.83,28.12,26.55,7254237.0,0.0,1.0
2016-07-18,28.5,28.7,28.08,28.29,26.7106,5102710.0,0.0,1.0
2016-07-19,28.25,28.415,28.1,28.25,26.6728,5232063.0,0.0,1.0
2016-07-20,28.49,28.58,28.0,28.14,26.5689,8941785.0,0.0,1.0
2016-07-21,28.06,28.47,27.57,28.26,26.6822,7650591.0,0.0,1.0
2016-07-22,28.61,28.89,27.95,28.4,26.8144,11843972.0,0.0,1.0
2016-07-25,28.31,28.39,27.96,28.09,26.5217,7299950.0,0.0,1.0
2016-07-26,28.13,28.5,28.0,28.11,26.5406,7762120.0,0.0,1.0
2016-07-27,27.98,28.23,27.865,28.14,26.5689,5206520.0,0.0,1.0
2016-07-28,28.05,28.19,27.875,27.91,26.3518,7416664.0,0.0,1.0
2016-07-29,27.87,28.09,27.75,27.88,26.3234,8307521.0,0.0,1.0
2016-08-01,27.9,28.27,27.88,27.91,26.3518,7053449.0,0.0,1.0
2016-08-02,27.88,28.06,27.32,27.35,25.823,8237358.0,0.0,1.0
2016-08-03,27.38,28.04,27.34,27.87,26.314,6342506.0,0.0,1.0
2016-08-04,27.9,28.08,27.75,27.92,26.3612,4274313.0,0.0,1.0
2016-08-05,28.29,28.43,28.145,28.22,26.6445,5337635.0,0.0,1.0
2016-08-08,28.33,28.44,27.985,28.04,26.4745,3884234.0,0.0,1.0
2016-08-09,28.05,28.09,27.79,27.89,26.3329,7132599.0,0.0,1.0
2016-08-10,27.81,27.91,27.46,27.65,26.229,6786411.0,0.13,1.0
2016-08-11,27.7,27.87,27.53,27.61,26.1911,5082539.0,0.0,1.0
2016-08-12,27.45,27.88,27.28,27.68,26.2575,6822944.0,0.0,1.0
2016-08-15,27.86,27.97,27.705,27.74,26.3144,4782245.0,0.0,1.0
2016-08-16,27.64,27.78,27.3,27.3,25.897,5086440.0,0.0,1.0
2016-08-17,27.31,27.47,27.225,27.38,25.9729,5611264.0,0.0,1.0
2016-08-18,27.39,27.4,27.16,27.29,25.8875,5091608.0,0.0,1.0
2016-08-19,27.17,27.49,27.1,27.38,25.9729,4949335.0,0.0,1.0
2016-08-22,27.37,27.38,27.13,27.27,25.8686,3295094.0,0.0,1.0
2016-08-23,27.43,27.5,27.27,27.28,25.878,3644705.0,0.0,1.0
2016-08-24,27.33,27.49,27.07,27.12,25.7263,4352044.0,0.0,1.0
2016-08-25,27.1,27.21,26.91,27.01,25.6219,3224371.0,0.0,1.0
2016-08-26,27.1,27.15,26.6,26.86,25.4796,7739082.0,0.0,1.0
2016-08-29,26.95,27.29,26.86,27.17,25.7737,3761555.0,0.0,1.0
2016-08-30,27.25,27.37,27.055,27.3,25.897,3362709.0,0.0,1.0
2016-08-31,27.31,27.84,27.22,27.83,26.3998,7819270.0,0.0,1.0
2016-09-01,27.83,28.01,27.395,27.76,26.3334,5099241.0,0.0,1.0
2016-09-02,27.86,27.905,27.58,27.8,26.3713,3544535.0,0.0,1.0
2016-09-06,27.77,27.83,27.545,27.61,26.1911,4833420.0,0.0,1.0
2016-09-07,27.48,27.84,27.35,27.81,26.3808,2803127.0,0.0,1.0
2016-09-08,27.6,27.69,27.28,27.34,25.935,9316464.0,0.0,1.0
2016-09-09,27.31,27.68,26.93,26.93,25.546,6698318.0,0.0,1.0
2016-09-12,26.78,27.49,26.68,27.41,26.0014,6655034.0,0.0,1.0
2016-09-13,27.08,27.17,26.53,26.72,25.3468,8611490.0,0.0,1.0
2016-09-14,26.72,26.98,26.55,26.83,25.4512,6645270.0,0.0,1.0
2016-09-15,26.76,27.17,26.62,27.05,25.6599,5081053.0,0.0,1.0
2016-09-16,26.85,26.97,26.67,26.91,25.5271,13467197.0,0.0,1.0
2016-09-19,27.03,27.16,26.89,27.04,25.6504,5030890.0,0.0,1.0
2016-09-20,27.21,27.21,26.79,26.8,25.4227,3694391.0,0.0,1.0
2016-09-21,26.95,27.23,26.75,27.06,25.6693,6989691.0,0.0,1.0
2016-09-22,27.16,27.56,26.95,27.48,26.0678,6321900.0,0.0,1.0
2016-09-23,27.33,27.75,27.3,27.39,25.9824,5886606.0,0.0,1.0
2016-09-26,27.15,27.615,27.0,27.3,25.897,7150638.0,0.0,1.0
2016-09-27,27.26,27.855,27.18,27.81,26.3808,5903969.0,0.0,1.0
2016-09-28,27.81,27.95,27.585,27.82,26.3903,4815418.0,0.0,1.0
2016-09-29,27.77,27.89,27.02,27.37,25.9634,5794203.0,0.0,1.0
2016-09-30,27.63,28.115,27.49,28.0,26.561,7039464.0,0.0,1.0
2016-10-03,27.84,28.13,27.51,27.58,26.1626,7193615.0,0.0,1.0
2016-10-04,27.7,27.92,27.29,27.33,25.9255,9736520.0,0.0,1.0
2016-10-05,27.4,28.02,27.29,27.94,26.5041,8118644.0,0.0,1.0
2016-10-06,27.85,27.91,26.935,26.99,25.6029,11432300.0,0.0,1.0
2016-10-07,27.1,27.42,26.49,26.67,25.2994,11058248.0,0.0,1.0
2016-10-10,26.93,26.99,26.45,26.73,25.3563,14337401.0,0.0,1.0
2016-10-11,26.73,26.86,26.475,26.54,25.1761,7960092.0,0.0,1.0
2016-10-12,26.49,26.63,26.42,26.51,25.1476,5161762.0,0.0,1.0
2016-10-13,26.3,26.53,26.09,26.37,25.0148,5589248.0,0.0,1.0
2016-10-14,26.64,26.94,26.525,26.7,25.3278,6678359.0,0.0,1.0
2016-10-17,26.66,26.82,26.39,26.42,25.0622,5834078.0,0.0,1.0
2016-10-18,26.74,26.81,26.55,26.64,25.2709,6983744.0,0.0,1.0
2016-10-19,26.53,27.11,26.53,27.0,25.6124,4252213.0,0.0,1.0
2016-10-20,27.05,27.37,26.94,27.13,25.7357,10756593.0,0.0,1.0
2016-10-21,27.87,28.38,27.64,28.23,26.7792,13331886.0,0.0,1.0
2016-10-24,28.41,29.02,28.41,28.79,27.3104,9113426.0,0.0,1.0
2016-10-25,28.73,28.89,28.45,28.58,27.1112,5785553.0,0.0,1.0
2016-10-26,28.39,28.865,28.295,28.7,27.2251,5130762.0,0.0,1.0
2016-10-27,28.85,29.125,28.77,28.94,27.4527,5431593.0,0.0,1.0
2016-10-28,29.03,29.325,28.76,29.1,27.6045,7759585.0,0.0,1.0
2016-10-31,29.29,29.29,28.57,28.59,27.1207,6857185.0,0.0,1.0
2016-11-01,28.77,29.02,28.34,28.56,27.0923,7629229.0,0.0,1.0
2016-11-02,28.55,28.81,28.38,28.42,26.9595,6133368.0,0.0,1.0
2016-11-03,28.48,28.48,28.08,28.13,26.8077,4990459.0,0.13,1.0
2016-11-04,28.26,28.6,28.0,28.22,26.8934,5915091.0,0.0,1.0
2016-11-07,28.82,29.115,28.63,29.11,27.7416,6653371.0,0.0,1.0
2016-11-08,28.89,29.0,28.4,28.7,27.3509,5314712.0,0.0,1.0
2016-11-09,28.95,30.3,28.84,30.22,28.7994,11493405.0,0.0,1.0
2016-11-10,30.56,31.74,30.51,31.61,30.1241,11400086.0,0.0,1.0
2016-11-11,31.45,32.61,31.4,32.48,30.9532,16845105.0,0.0,1.0
2016-11-14,32.77,33.81,32.75,33.72,32.1349,12338723.0,0.0,1.0
2016-11-15,33.63,33.63,32.64,33.34,31.7728,10573012.0,0.0,1.0
2016-11-16,33.08,33.24,32.56,32.61,31.0771,9114605.0,0.0,1.0
2016-11-17,32.83,33.47,32.43,33.43,31.8585,10709660.0,0.0,1.0
2016-11-18,33.49,33.69,33.16,33.62,32.0396,7069522.0,0.0,1.0
2016-11-21,33.72,33.85,33.29,33.62,32.0396,7134629.0,0.0,1.0
2016-11-22,33.84,34.33,33.75,33.97,32.3732,8149848.0,0.0,1.0
2016-11-23,34.0,35.02,33.93,34.96,33.3166,11404334.0,0.0,1.0
2016-11-25,34.99,35.02,34.65,34.7,33.0688,3022536.0,0.0,1.0
2016-11-28,34.48,34.48,33.79,33.9,32.3064,6247709.0,0.0,1.0
2016-11-29,34.05,34.16,33.8,33.8,32.2111,4282464.0,0.0,1.0
2016-11-30,34.19,34.67,33.98,34.56,32.9354,8560737.0,0.0,1.0
2016-12-01,34.68,35.45,34.57,35.07,33.4214,9961781.0,0.0,1.0
2016-12-02,35.05,35.1,34.455,34.49,32.8687,7112548.0,0.0,1.0
2016-12-05,34.85,35.52,34.81,35.11,33.4596,5922698.0,0.0,1.0
2016-12-06,35.27,35.7,34.915,35.66,33.9837,5031187.0,0.0,1.0
2016-12-07,35.23,36.2701,34.98,36.18,34.4793,6103266.0,0.0,1.0
2016-12-08,36.28,36.77,36.0835,36.65,34.9272,6651462.0,0.0,1.0
2016-12-09,36.54,36.77,36.22,36.53,34.8128,5659560.0,0.0,1.0
2016-12-12,36.45,36.68,35.8,35.94,34.2505,6647547.0,0.0,1.0
2016-12-13,36.13,36.39,35.58,36.27,34.565,7663411.0,0.0,1.0
2016-12-14,35.97,36.42,35.57,35.94,34.2505,9938380.0,0.0,1.0
2016-12-15,36.26,37.13,35.94,36.93,35.194,11704398.0,0.0,1.0
2016-12-16,37.09,37.1,36.515,36.63,34.9081,7620674.0,0.0,1.0
2016-12-19,36.57,36.96,36.51,36.9,35.1654,5526574.0,0.0,1.0
2016-12-20,37.06,37.26,36.85,37.26,35.5085,5100616.0,0.0,1.0
2016-12-21,37.31,37.31,36.95,37.1,35.356,2778433.0,0.0,1.0
2016-12-22,37.1,37.1,36.67,36.88,35.1464,3959170.0,0.0,1.0
2016-12-23,36.81,36.97,36.67,36.97,35.2321,2971522.0,0.0,1.0
2016-12-27,37.13,37.18,36.92,37.0,35.2607,2208377.0,0.0,1.0
2016-12-28,37.07,37.1,36.2,36.24,34.5364,4830687.0,0.0,1.0
2016-12-29,36.39,36.66,35.92,36.09,34.3935,3529793.0,0.0,1.0
2016-12-30,36.13,36.46,36.08,36.27,34.565,3452559.0,0.0,1.0
2017-01-03,36.75,37.17,36.59,37.06,35.3179,6058653.0,0.0,1.0
2017-01-04,37.3,38.055,37.145,37.93,36.147,6040128.0,0.0,1.0
2017-01-05,37.66,37.74,36.4,36.91,35.175,6850843.0,0.0,1.0
2017-01-06,37.09,37.48,36.88,37.13,35.3846,5110239.0,0.0,1.0
2017-01-09,36.91,37.075,36.52,36.9,35.1654,3955523.0,0.0,1.0
2017-01-10,37.03,37.49,36.725,36.96,35.2226,5033296.0,0.0,1.0
2017-01-11,36.81,36.81,35.66,36.36,34.6508,11639127.0,0.0,1.0
2017-01-12,36.16,36.195,35.6,36.13,34.4316,6484263.0,0.0,1.0
2017-01-13,36.34,36.83,36.065,36.32,34.6127,4401247.0,0.0,1.0
2017-01-17,36.1,36.23,35.37,35.51,33.8408,4701335.0,0.0,1.0
2017-01-18,35.79,35.92,35.17,35.9,34.2124,3943596.0,0.0,1.0
2017-01-19,35.96,36.14,35.56,35.61,33.9361,6150013.0,0.0,1.0
2017-01-20,35.98,36.85,35.85,36.24,34.5364,8954517.0,0.0,1.0
2017-01-23,36.03,36.49,35.61,35.77,34.0885,6846600.0,0.0,1.0
2017-01-24,35.97,36.37,35.88,36.08,34.384,4117791.0,0.0,1.0
2017-01-25,36.39,36.495,35.75,35.91,34.222,6387239.0,0.0,1.0
2017-01-26,36.02,36.7,35.88,36.69,34.9653,7571788.0,0.0,1.0
2017-01-27,36.69,36.79,36.35,36.63,34.9081,5956661.0,0.0,1.0
2017-01-30,36.45,36.53,36.0,36.47,34.7556,4665115.0,0.0,1.0
2017-01-31,36.3,36.535,35.56,35.82,34.1362,5993091.0,0.0,1.0
2017-02-01,36.06,36.58,35.885,36.0,34.3077,5257973.0,0.0,1.0
2017-02-02,35.64,35.81,35.19,35.34,33.8026,5637092.0,0.13,1.0
2017-02-03,35.95,36.735,35.65,36.51,34.9217,7493442.0,0.0,1.0
2017-02-06,36.25,36.55,36.16,36.45,34.8644,4385608.0,0.0,1.0
2017-02-07,36.64,36.78,35.96,36.05,34.4818,5583418.0,0.0,1.0
2017-02-08,35.88,35.88,35.38,35.77,34.2139,4228879.0,0.0,1.0
2017-02-09,35.83,36.595,35.68,36.49,34.9026,4838572.0,0.0,1.0
2017-02-10,36.73,36.8,36.15,36.22,34.6444,5527093.0,0.0,1.0
2017-02-13,36.43,36.79,36.32,36.65,35.0557,7151666.0,0.0,1.0
2017-02-14,36.63,37.4,36.54,37.32,35.6965,4626192.0,0.0,1.0
2017-02-15,37.33,37.75,37.17,37.28,35.6582,4296926.0,0.0,1.0
2017-02-16,37.19,37.29,36.55,36.85,35.247,3616544.0,0.0,1.0
2017-02-17,36.58,36.76,36.055,36.68,35.0843,5916970.0,0.0,1.0
2017-02-21,37.11,37.34,36.86,36.86,35.2565,3842853.0,0.0,1.0
2017-02-22,36.59,37.03,36.54,36.78,35.18,2659873.0,0.0,1.0
2017-02-23,36.86,36.92,36.28,36.63,35.0365,3122337.0,0.0,1.0
2017-02-24,36.25,36.48,36.11,36.48,34.893,4575047.0,0.0,1.0
2017-02-27,36.5,36.96,35.95,36.94,35.333,4196150.0,0.0,1.0
2017-02-28,36.77,36.8534,35.75,36.24,34.6635,7566944.0,0.0,1.0
2017-03-01,37.18,37.415,36.711,36.89,35.2852,5994455.0,0.0,1.0
2017-03-02,36.88,36.98,35.92,35.97,34.4052,6618947.0,0.0,1.0
2017-03-03,35.9,36.17,35.69,36.05,34.4818,5091931.0,0.0,1.0
2017-03-06,35.8,35.81,35.32,35.58,34.0322,5115870.0,0.0,1.0
2017-03-07,35.57,35.9399,35.36,35.6,34.0513,4149434.0,0.0,1.0
2017-03-08,35.9,36.1,35.64,35.71,34.1565,3679850.0,0.0,1.0
2017-03-09,35.92,36.15,35.68,35.85,34.2905,3208046.0,0.0,1.0
2017-03-10,36.08,36.2,35.78,36.01,34.4435,4307316.0,0.0,1.0
2017-03-13,35.99,36.17,35.72,36.03,34.4626,3894115.0,0.0,1.0
2017-03-14,35.75,35.98,35.645,35.92,34.3574,3580011.0,0.0,1.0
2017-03-15,36.03,36.18,35.68,35.8,34.2426,6428659.0,0.0,1.0
2017-03-16,36.01,36.085,35.705,35.83,34.2713,4818372.0,0.0,1.0
2017-03-17,35.73,35.73,34.86,35.12,33.5922,10581403.0,0.0,1.0
2017-03-20,35.08,35.2,34.19,34.2,32.7122,9393672.0,0.0,1.0
2017-03-21,34.39,34.5,32.94,33.02,31.5836,11892966.0,0.0,1.0
2017-03-22,32.9,33.53,32.48,33.08,31.641,8907135.0,0.0,1.0
2017-03-23,33.07,33.82,32.93,33.43,31.9757,6455728.0,0.0,1.0
2017-03-24,33.56,33.69,33.03,33.31,31.861,4682455.0,0.0,1.0
2017-03-27,32.59,32.97,32.24,32.74,31.3157,8790087.0,0.0,1.0
2017-03-28,32.81,33.9,32.6,33.66,32.1957,6438023.0,0.0,1.0
2017-03-29,33.64,33.93,33.5501,33.78,32.3105,4487143.0,0.0,1.0
2017-03-30,33.82,34.585,33.78,34.43,32.9322,5122565.0,0.0,1.0
2017-03-31,34.27,34.53,34.125,34.3,32.8079,5031422.0,0.0,1.0
2017-04-03,34.45,34.54,33.275,33.76,32.2914,6171290.0,0.0,1.0
2017-04-04,33.58,33.91,33.58,33.73,32.2627,2555999.0,0.0,1.0
2017-04-05,34.24,34.36,33.14,33.26,31.8131,5021029.0,0.0,1.0
2017-04-06,33.23,33.59,32.945,33.23,31.7844,10510542.0,0.0,1.0
2017-04-07,32.96,33.42,32.87,33.16,31.7175,3734693.0,0.0,1.0
2017-04-10,33.19,33.465,32.815,32.87,31.4401,6846201.0,0.0,1.0
2017-04-11,32.55,33.1177,32.25,33.05,31.6123,6759719.0,0.0,1.0
2017-04-12,32.82,33.23,32.71,32.81,31.3827,4596058.0,0.0,1.0
2017-04-13,32.67,32.99,32.37,32.37,30.9618,5266471.0,0.0,1.0
2017-04-17,32.41,33.04,32.28,33.02,31.5836,4183891.0,0.0,1.0
2017-04-18,32.81,33.065,32.56,32.85,31.421,4971693.0,0.0,1.0
2017-04-19,33.06,33.2301,32.87,33.0,31.5644,3358561.0,0.0,1.0
2017-04-20,33.32,34.01,33.27,33.85,32.3775,5408973.0,0.0,1.0
2017-04-21,33.78,33.88,33.26,33.38,31.9279,4729675.0,0.0,1.0
2017-04-24,34.3,34.35,33.68,33.9,32.4253,4231785.0,0.0,1.0
2017-04-25,34.19,34.33,33.63,33.82,32.3488,6139972.0,0.0,1.0
2017-04-26,33.73,33.8,32.65,33.23,31.7844,11540507.0,0.0,1.0
2017-04-27,33.44,33.44,33.0,33.05,31.6123,7139808.0,0.0,1.0
2017-04-28,27.5,29.08,27.24,27.8,26.5906,463762.0,0.0,1.0
2017-05-01,27.98,28.62,27.2,27.94,26.7246,22971526.0,0.0,1.0
2017-05-02,27.96,28.93,27.68,28.87,27.6141,25485886.0,0.0,1.0
2017-05-03,28.62,29.18,28.52,28.77,27.5184,14285674.0,0.0,1.0
2017-05-04,28.79,28.98,28.54,28.67,27.5471,9812918.0,0.13,1.0
2017-05-05,28.84,29.25,28.42,28.61,27.4895,10074652.0,0.0,1.0
2017-05-08,28.58,28.7,28.35,28.38,27.2685,8024962.0,0.0,1.0
2017-05-09,28.44,28.53,28.02,28.1,26.9995,8661307.0,0.0,1.0
2017-05-10,28.01,28.12,27.68,27.76,26.6728,11016654.0,0.0,1.0
2017-05-11,27.67,27.68,26.6,26.93,25.8753,14143858.0,0.0,1.0
2017-05-12,26.81,26.8253,26.01,26.59,25.5486,23117623.0,0.0,1.0
2017-05-15,26.77,27.395,26.52,27.11,26.0482,14541211.0,0.0,1.0
2017-05-16,27.22,27.24,26.79,26.84,25.7888,11189651.0,0.0,1.0
2017-05-17,26.2,26.68,26.145,26.5,25.4621,11756236.0,0.0,1.0
2017-05-18,26.43,26.775,26.41,26.5,25.4621,7947742.0,0.0,1.0
2017-05-19,27.76,27.82,26.805,26.84,25.7888,13462704.0,0.0,1.0
2017-05-22,27.01,27.03,26.66,26.91,25.8561,9221621.0,0.0,1.0
2017-05-23,27.01,27.01,26.68,26.84,25.7888,6534515.0,0.0,1.0
2017-05-24,26.82,27.01,26.7,26.8,25.7504,9157277.0,0.0,1.0
2017-05-25,26.97,27.41,26.72,27.23,26.1635,12798759.0,0.0,1.0
2017-05-26,27.15,27.65,27.07,27.37,26.2981,11403208.0,0.0,1.0
2017-05-30,27.31,27.46,27.005,27.1,26.0386,9627645.0,0.0,1.0
2017-05-31,27.1,27.2,26.34,26.85,25.7984,9142838.0,0.0,1.0
2017-06-01,26.99,27.47,26.84,27.22,26.1539,8651407.0,0.0,1.0
2017-06-02,26.98,27.67,26.98,27.4,26.3269,12363311.0,0.0,1.0
2017-06-05,27.35,28.0657,27.1,27.96,26.865,10972351.0,0.0,1.0
2017-06-06,27.72,28.445,27.51,28.29,27.182,14200544.0,0.0,1.0
2017-06-07,28.46,29.185,28.415,28.87,27.7393,16055452.0,0.0,1.0
2017-06-08,28.83,29.24,28.63,28.67,27.5471,8528476.0,0.0,1.0
2017-06-09,28.93,28.98,28.52,28.7,27.576,7848042.0,0.0,1.0
2017-06-12,28.71,29.0,28.43,28.76,27.6336,5664745.0,0.0,1.0
2017-06-13,28.83,29.085,28.43,28.99,27.8546,5308227.0,0.0,1.0
2017-06-14,28.8,29.32,28.62,29.23,28.0852,10161751.0,0.0,1.0
2017-06-15,28.98,29.66,28.97,29.47,28.3158,8636164.0,0.0,1.0
2017-06-16,29.46,29.46,29.07,29.33,28.1813,6826129.0,0.0,1.0
2017-06-19,29.47,29.47,29.1244,29.42,28.2678,6865840.0,0.0,1.0
2017-06-20,29.4,29.775,29.33,29.44,28.287,5686002.0,0.0,1.0
2017-06-21,29.45,29.79,29.201,29.7,28.5368,7813186.0,0.0,1.0
2017-06-22,29.57,29.76,29.16,29.3,28.1525,6379024.0,0.0,1.0
2017-06-23,29.49,29.52,28.84,28.97,27.8354,7454294.0,0.0,1.0
2017-06-26,29.04,29.72,29.04,29.68,28.5176,7016728.0,0.0,1.0
2017-06-27,29.75,29.8,29.42,29.44,28.287,6346937.0,0.0,1.0
2017-06-28,29.67,30.1,29.59,29.8,28.6329,10136350.0,0.0,1.0
2017-06-29,30.25,30.54,29.315,29.55,28.3927,9137934.0,0.0,1.0
2017-06-30,29.78,29.96,29.47,29.82,28.6521,4756177.0,0.0,1.0
2017-07-03,30.06,30.37,29.95,30.06,28.8827,2315274.0,0.0,1.0
2017-07-05,30.17,30.26,29.74,29.78,28.6137,4378403.0,0.0,1.0
2017-07-06,29.8,29.8,29.29,29.38,28.2293,4035677.0,0.0,1.0
2017-07-07,29.54,29.84,29.4,29.7,28.5368,3484454.0,0.0,1.0
2017-07-10,29.67,29.7,29.085,29.13,27.9891,5711932.0,0.0,1.0
2017-07-11,29.16,29.16,28.8,29.1,27.9603,7744091.0,0.0,1.0
2017-07-12,29.1,29.35,28.89,29.33,28.1813,3700651.0,0.0,1.0
2017-07-13,29.21,29.705,29.21,29.36,28.2101,4682930.0,0.0,1.0
2017-07-14,29.15,29.635,29.06,29.48,28.3254,4216398.0,0.0,1.0
2017-07-17,29.48,29.845,29.22,29.65,28.4888,3937662.0,0.0,1.0
2017-07-18,29.43,29.565,29.17,29.33,28.1813,4653406.0,0.0,1.0
2017-07-19,29.45,29.61,29.24,29.51,28.3542,5215986.0,0.0,1.0
2017-07-20,29.42,29.74,29.19,29.53,28.3735,5662821.0,0.0,1.0
2017-07-21,31.49,31.9,30.12,30.87,29.661,10678732.0,0.0,1.0
2017-07-24,30.8,31.12,30.53,30.74,29.5361,5980701.0,0.0,1.0
2017-07-25,30.98,31.2,30.71,30.89,29.6802,5535874.0,0.0,1.0
2017-07-26,31.07,31.09,30.53,30.57,29.3727,6264480.0,0.0,1.0
2017-07-27,30.59,30.63,30.125,30.34,29.1517,6599655.0,0.0,1.0
2017-07-28,30.19,30.27,29.84,29.94,28.7674,8066844.0,0.0,1.0
2017-07-31,30.06,30.48,30.06,30.32,29.1325,12938044.0,0.0,1.0
2017-08-01,30.52,30.579,29.83,29.88,28.7098,8194415.0,0.0,1.0
2017-08-02,29.93,30.185,29.78,30.06,28.8827,6297940.0,0.0,1.0
2017-08-03,29.9,30.4,29.79,29.91,28.8827,6986642.0,0.15,1.0
2017-08-04,30.17,30.32,29.8,29.87,28.8441,7284053.0,0.0,1.0
2017-08-07,29.88,30.515,29.77,30.4,29.3559,5164233.0,0.0,1.0
2017-08-08,30.34,31.41,30.34,30.72,29.6649,7762222.0,0.0,1.0
2017-08-09,30.48,30.56,30.13,30.25,29.211,4832334.0,0.0,1.0
2017-08-10,30.07,30.09,28.93,29.32,28.313,9222964.0,0.0,1.0
2017-08-11,29.34,29.395,28.96,29.2,28.1971,6665900.0,0.0,1.0
2017-08-14,29.5,30.2,29.4,29.64,28.622,5845197.0,0.0,1.0
2017-08-15,30.91,31.13,30.38,30.99,29.9256,12968819.0,0.0,1.0
2017-08-16,31.67,31.68,30.82,30.87,29.8097,7363860.0,0.0,1.0
2017-08-17,30.87,30.91,30.05,30.1,29.0662,7335905.0,0.0,1.0
2017-08-18,30.19,30.36,29.88,30.07,29.0372,5523411.0,0.0,1.0
2017-08-21,30.1,30.3,29.95,30.26,29.2207,4480956.0,0.0,1.0
2017-08-22,30.34,30.465,30.0,30.34,29.2979,6198982.0,0.0,1.0
2017-08-23,30.2,30.57,30.13,30.31,29.269,4106961.0,0.0,1.0
2017-08-24,30.49,30.7,30.3,30.46,29.4138,3211393.0,0.0,1.0
2017-08-25,30.53,30.85,30.44,30.54,29.4911,2908032.0,0.0,1.0
2017-08-28,30.74,30.75,30.17,30.29,29.2497,3700017.0,0.0,1.0
2017-08-29,30.04,30.2,29.79,30.12,29.0855,5434531.0,0.0,1.0
2017-08-30,30.1,30.76,30.05,30.66,29.6069,5283148.0,0.0,1.0
2017-08-31,30.72,30.92,30.62,30.79,29.7325,5128755.0,0.0,1.0
2017-09-01,30.78,31.035,30.7,30.92,29.858,3076470.0,0.0,1.0
2017-09-05,30.7,30.75,29.75,29.87,28.8441,6034331.0,0.0,1.0
2017-09-06,30.05,30.275,29.93,29.96,28.931,5845116.0,0.0,1.0
2017-09-07,30.0,30.0,28.955,29.06,28.0619,5296163.0,0.0,1.0
2017-09-08,28.63,28.86,28.3286,28.55,27.5694,8528986.0,0.0,1.0
2017-09-11,28.82,29.35,28.65,29.15,28.1488,5981691.0,0.0,1.0
2017-09-12,29.35,29.5699,29.11,29.19,28.1874,5156708.0,0.0,1.0
2017-09-13,29.25,29.57,29.2,29.32,28.313,7132431.0,0.0,1.0
2017-09-14,29.27,29.43,28.67,28.7,27.7143,7540346.0,0.0,1.0
2017-09-15,28.57,29.21,28.46,29.02,28.0233,10869830.0,0.0,1.0
2017-09-18,29.11,29.3,28.95,29.26,28.255,5519494.0,0.0,1.0
2017-09-19,29.29,29.48,29.05,29.09,28.0909,5641266.0,0.0,1.0
2017-09-20,29.2,29.2663,28.9,29.0,28.004,5826290.0,0.0,1.0
2017-09-21,29.0,29.09,28.7044,28.89,27.8977,5116636.0,0.0,1.0
2017-09-22,28.86,29.5,28.85,29.47,28.4578,5962218.0,0.0,1.0
2017-09-25,29.35,29.88,29.31,29.56,28.5447,6753564.0,0.0,1.0
2017-09-26,29.61,30.04,29.51,29.94,28.9117,3744492.0,0.0,1.0
2017-09-27,30.24,31.185,30.18,30.94,29.8773,10530374.0,0.0,1.0
2017-09-28,30.9,31.43,30.88,31.19,30.1187,7618946.0,0.0,1.0
2017-09-29,31.19,31.38,30.92,31.05,29.9835,4829537.0,0.0,1.0
2017-10-02,31.17,31.49,30.92,31.48,30.3988,4401992.0,0.0,1.0
2017-10-03,31.46,31.885,31.42,31.72,30.6305,5859281.0,0.0,1.0
2017-10-04,31.76,31.79,31.26,31.31,30.2346,4636700.0,0.0,1.0
2017-10-05,31.32,31.665,31.16,31.66,30.5726,4785287.0,0.0,1.0
2017-10-06,31.46,31.575,31.19,31.31,30.2346,4668250.0,0.0,1.0
2017-10-09,31.47,31.69,31.26,31.44,30.3602,2605631.0,0.0,1.0
2017-10-10,31.5,31.9,31.5,31.75,30.6595,4846120.0,0.0,1.0
2017-10-11,31.72,31.83,31.37,31.42,30.3408,3393741.0,0.0,1.0
2017-10-12,31.33,31.33,30.48,30.64,29.5876,6529666.0,0.0,1.0
2017-10-13,30.45,31.24,30.38,30.82,29.7614,7805383.0,0.0,1.0
2017-10-16,30.99,31.62,30.91,31.5,30.4181,10537612.0,0.0,1.0
2017-10-17,31.59,31.5953,30.85,30.98,29.916,4673408.0,0.0,1.0
2017-10-18,31.12,31.55,30.99,31.51,30.4278,6455429.0,0.0,1.0
2017-10-19,31.2,31.87,30.8601,31.71,30.6209,7456421.0,0.0,1.0
2017-10-20,33.41,34.08,32.845,33.04,31.9052,13827864.0,0.0,1.0
2017-10-23,33.26,33.33,32.63,32.68,31.5576,5601383.0,0.0,1.0
2017-10-24,32.76,32.86,32.27,32.65,31.5286,4385529.0,0.0,1.0
2017-10-25,32.38,32.63,32.0,32.385,31.2727,7236820.0,0.0,1.0
2017-10-26,32.66,32.97,32.6,32.87,31.741,4249960.0,0.0,1.0
2017-10-27,32.61,32.97,32.43,32.94,31.8086,3853394.0,0.0,1.0
2017-10-30,32.78,33.1,32.51,32.6,31.4803,3998065.0,0.0,1.0
2017-10-31,32.54,32.82,32.43,32.62,31.4996,4571270.0,0.0,1.0
2017-11-01,32.71,32.95,32.545,32.83,31.7024,2914194.0,0.0,1.0
2017-11-02,32.8,33.2399,32.465,33.22,32.079,5972708.0,0.0,1.0
2017-11-03,33.12,33.37,32.9,33.11,32.1176,4239887.0,0.15,1.0
2017-11-06,33.0,33.08,32.77,32.77,31.7878,3492677.0,0.0,1.0
2017-11-07,32.82,33.02,32.27,32.36,31.3901,3801687.0,0.0,1.0
2017-11-08,32.28,32.39,31.79,32.07,31.1088,4130146.0,0.0,1.0
2017-11-09,31.92,32.21,31.55,32.09,31.1282,4140332.0,0.0,1.0
2017-11-10,32.13,32.38,32.045,32.07,31.1088,2263171.0,0.0,1.0
2017-11-13,32.18,32.63,32.11,32.59,31.6132,5185260.0,0.0,1.0
2017-11-14,32.37,32.66,32.26,32.56,31.5841,3936393.0,0.0,1.0
2017-11-15,32.08,32.74,31.85,32.53,31.555,6359855.0,0.0,1.0
2017-11-16,33.52,33.86,33.19,33.38,32.3796,11362732.0,0.0,1.0
2017-11-17,33.4,34.0401,33.34,33.86,32.8452,8601235.0,0.0,1.0
2017-11-20,33.86,34.32,33.82,33.86,32.8452,8231929.0,0.0,1.0
2017-11-21,33.91,33.99,33.31,33.77,32.7579,6838201.0,0.0,1.0
2017-11-22,33.9,33.98,33.5,33.67,32.6609,4177322.0,0.0,1.0
2017-11-24,33.73,33.755,33.42,33.49,32.4863,2372259.0,0.0,1.0
2017-11-27,33.48,33.5,32.92,33.21,32.2146,6123059.0,0.0,1.0
2017-11-28,33.22,34.61,33.075,34.49,33.4563,8245176.0,0.0,1.0
2017-11-29,34.94,35.68,34.885,35.35,34.2905,11568625.0,0.0,1.0
2017-11-30,35.5,36.45,35.435,35.89,34.8143,12016633.0,0.0,1.0
2017-12-01,35.79,36.065,34.66,35.94,34.8628,7336509.0,0.0,1.0
2017-12-04,36.57,38.04,36.57,37.45,36.3276,14111953.0,0.0,1.0
2017-12-05,37.6,37.93,37.19,37.31,36.1918,8225059.0,0.0,1.0
2017-12-06,37.1,37.6,37.04,37.39,36.2694,5646387.0,0.0,1.0
2017-12-07,37.16,37.73,37.09,37.34,36.2209,8090359.0,0.0,1.0
2017-12-08,37.85,37.85,37.165,37.5,36.3761,7819575.0,0.0,1.0
2017-12-11,37.44,37.7,37.29,37.59,36.4634,5862685.0,0.0,1.0
2017-12-12,37.62,37.86,37.36,37.36,36.2403,7174217.0,0.0,1.0
2017-12-13,37.4,37.54,36.6,36.64,35.5418,7950593.0,0.0,1.0
2017-12-14,36.94,37.33,36.84,36.99,35.8814,5590527.0,0.0,1.0
2017-12-15,37.22,37.6,36.88,37.19,36.0754,8840075.0,0.0,1.0
2017-12-18,37.78,38.965,37.73,38.51,37.3558,8254972.0,0.0,1.0
2017-12-19,38.76,38.85,38.16,38.18,37.0357,6751127.0,0.0,1.0
2017-12-20,38.32,38.65,37.92,37.96,36.8223,3231884.0,0.0,1.0
2017-12-21,38.17,38.77,38.07,38.6,37.4431,3974919.0,0.0,1.0
2017-12-22,38.6,38.86,38.27,38.77,37.608,3613751.0,0.0,1.0
2017-12-26,38.7,38.96,38.55,38.71,37.5498,3121491.0,0.0,1.0
2017-12-27,38.71,38.82,38.41,38.6,37.4431,2527225.0,0.0,1.0
2017-12-28,38.8,39.11,38.74,38.97,37.802,3461816.0,0.0,1.0
2017-12-29,39.13,39.17,38.6,38.61,37.4528,3480560.0,0.0,1.0
2018-01-02,38.8,39.0,38.52,38.86,37.6953,2973058.0,0.0,1.0
2018-01-03,38.87,39.18,38.73,39.12,37.9475,3514352.0,0.0,1.0
2018-01-04,39.47,39.86,39.37,39.4,38.2191,3237558.0,0.0,1.0
2018-01-05,39.66,39.79,39.25,39.74,38.5489,4524129.0,0.0,1.0
2018-01-08,39.61,39.78,39.24,39.26,38.0833,4959565.0,0.0,1.0
2018-01-09,39.53,39.81,39.3,39.44,38.2579,6593391.0,0.0,1.0
2018-01-10,39.51,40.03,39.38,39.66,38.4713,7563223.0,0.0,1.0
2018-01-11,39.77,40.17,39.28,39.76,38.5683,5894732.0,0.0,1.0
2018-01-12,40.04,40.05,37.66,39.37,38.19,8532072.0,0.0,1.0
2018-01-16,39.46,39.58,37.78,37.93,36.7932,12836305.0,0.0,1.0
2018-01-17,38.16,38.33,37.791,38.06,36.9193,10728650.0,0.0,1.0
2018-01-18,38.29,38.29,36.75,37.3,36.1821,13713367.0,0.0,1.0
2018-01-19,37.74,38.84,36.85,38.47,37.317,11650246.0,0.0,1.0
2018-01-22,38.18,39.6,38.16,39.52,38.3355,15121058.0,0.0,1.0
2018-01-23,39.42,39.94,39.06,39.78,38.5877,8314907.0,0.0,1.0
2018-01-24,39.89,40.19,39.46,39.74,38.5489,7348392.0,0.0,1.0
2018-01-25,39.91,40.03,39.47,39.58,38.3937,6386722.0,0.0,1.0
2018-01-26,39.63,40.235,39.49,40.21,39.0048,4787933.0,0.0,1.0
2018-01-29,40.11,40.59,40.1,40.16,38.9563,5725842.0,0.0,1.0
2018-01-30,39.92,40.16,39.6036,39.63,38.4422,5343932.0,0.0,1.0
2018-01-31,39.75,40.3,39.66,39.68,38.4907,6978539.0,0.0,1.0
2018-02-01,39.54,39.67,39.03,39.66,38.4713,5442017.0,0.0,1.0
2018-02-02,39.5,39.885,38.505,38.68,37.6662,6174967.0,0.15,1.0
2018-02-05,38.26,38.91,36.58,36.88,35.9134,10302619.0,0.0,1.0
2018-02-06,36.05,37.84,35.45,37.67,36.6827,9225156.0,0.0,1.0
2018-02-07,37.44,38.19,37.3,37.5,36.5171,7981903.0,0.0,1.0
2018-02-08,37.5,37.55,34.97,34.98,34.0632,9221530.0,0.0,1.0
2018-02-09,35.35,35.86,33.605,35.03,34.1119,11760279.0,0.0,1.0
2018-02-12,35.35,36.485,35.24,36.24,35.2902,6985281.0,0.0,1.0
2018-02-13,35.92,36.14,35.52,36.01,35.0662,4429238.0,0.0,1.0
2018-02-14,35.81,36.72,35.535,36.7,35.7381,6961300.0,0.0,1.0
2018-02-15,37.04,37.135,36.31,36.84,35.8744,5207414.0,0.0,1.0
2018-02-16,36.74,37.18,36.61,36.73,35.7673,4219480.0,0.0,1.0
2018-02-20,36.63,36.91,36.36,36.56,35.6018,4168722.0,0.0,1.0
2018-02-21,36.61,37.405,36.5,36.57,35.6115,4423174.0,0.0,1.0
2018-02-22,36.77,36.91,36.24,36.33,35.3778,7870225.0,0.0,1.0
2018-02-23,36.54,37.16,36.43,37.15,36.1763,3071671.0,0.0,1.0
2018-02-26,37.27,37.4,36.79,37.39,36.41,5168574.0,0.0,1.0
2018-02-27,37.39,38.07,36.8,36.81,35.8452,6409740.0,0.0,1.0
2018-02-28,37.17,37.53,36.38,36.39,35.4362,4657223.0,0.0,1.0
2018-03-01,36.5,36.98,35.72,35.85,34.9104,7483001.0,0.0,1.0
2018-03-02,35.56,36.0099,34.7,35.93,34.9883,5433802.0,0.0,1.0
2018-03-05,35.7,36.38,35.425,36.23,35.2804,6491297.0,0.0,1.0
2018-03-06,36.34,36.54,35.615,36.2,35.2512,4312701.0,0.0,1.0
2018-03-07,35.81,36.39,35.71,36.3,35.3486,4320827.0,0.0,1.0
2018-03-08,36.5,36.91,36.1,36.84,35.8744,4071721.0,0.0,1.0
2018-03-09,37.18,37.29,36.59,37.28,36.3029,5108740.0,0.0,1.0
2018-03-12,37.2,37.57,36.81,36.98,36.0108,3942776.0,0.0,1.0
2018-03-13,37.32,37.32,36.6,36.68,35.7186,5404192.0,0.0,1.0
2018-03-14,36.98,37.235,35.995,36.1,35.1538,4225232.0,0.0,1.0
2018-03-15,36.0,36.15,34.49,34.67,33.7613,11288289.0,0.0,1.0
2018-03-16,34.83,35.52,34.69,35.2,34.2774,13016420.0,0.0,1.0
2018-03-19,35.02,35.47,34.885,35.26,34.3358,6698590.0,0.0,1.0
2018-03-20,35.41,35.675,35.3,35.4,34.4722,4717270.0,0.0,1.0
2018-03-21,35.35,35.86,35.3,35.3,34.3748,4220327.0,0.0,1.0
2018-03-22,34.77,35.12,33.68,33.73,32.8459,5509790.0,0.0,1.0
2018-03-23,33.87,34.0,32.47,32.51,31.6579,7592276.0,0.0,1.0
2018-03-26,33.05,33.415,32.61,33.3,32.4272,8624412.0,0.0,1.0
2018-03-27,33.46,33.73,32.4,32.67,31.8137,5538627.0,0.0,1.0
2018-03-28,32.36,33.71,32.36,33.11,32.2422,8187002.0,0.0,1.0
2018-03-29,33.22,33.67,32.86,33.53,32.6512,5954091.0,0.0,1.0
2018-04-02,33.43,33.7,32.22,32.66,31.804,6253009.0,0.0,1.0
2018-04-03,32.91,33.515,32.84,33.43,32.5538,5184716.0,0.0,1.0
2018-04-04,32.63,34.0,32.63,33.91,33.0212,4956139.0,0.0,1.0
2018-04-05,34.21,35.34,34.14,34.8,33.8879,8173150.0,0.0,1.0
2018-04-06,34.3,34.455,33.39,33.81,32.9238,4349842.0,0.0,1.0
2018-04-09,34.16,34.72,33.81,33.86,32.9725,3661659.0,0.0,1.0
2018-04-10,34.41,34.555,34.07,34.46,33.5568,4302014.0,0.0,1.0
2018-04-11,34.07,34.65,33.98,34.24,33.3426,4217399.0,0.0,1.0
2018-04-12,34.59,35.08,34.54,34.83,33.9171,4300886.0,0.0,1.0
2018-04-13,35.16,35.29,33.92,34.07,33.177,5729227.0,0.0,1.0
2018-04-16,34.45,34.65,34.12,34.47,33.5666,4856971.0,0.0,1.0
2018-04-17,34.83,35.06,34.47,34.57,33.6639,5485272.0,0.0,1.0
2018-04-18,34.76,35.24,34.69,34.89,33.9755,3345926.0,0.0,1.0
2018-04-19,34.94,35.59,34.94,35.35,34.4235,5196836.0,0.0,1.0
2018-04-20,35.71,36.21,34.86,35.2,34.2774,10287130.0,0.0,1.0
2018-04-23,35.31,35.44,34.55,34.73,33.8197,5856223.0,0.0,1.0
2018-04-24,35.09,35.24,34.105,34.35,33.4497,7072184.0,0.0,1.0
2018-04-25,34.16,34.24,33.165,33.29,32.4175,9538538.0,0.0,1.0
2018-04-26,33.31,33.53,33.12,33.3,32.4272,5990821.0,0.0,1.0
2018-04-27,33.3,33.44,33.005,33.11,32.2422,4503516.0,0.0,1.0
2018-04-30,33.27,33.585,33.16,33.17,32.3006,3980059.0,0.0,1.0
2018-05-01,33.08,33.15,32.72,33.08,32.213,4804545.0,0.0,1.0
2018-05-02,32.99,33.41,32.83,32.93,32.0669,6385956.0,0.0,1.0
2018-05-03,32.8,32.81,31.84,32.13,31.2879,5763410.0,0.0,1.0
2018-05-04,31.87,32.75,31.74,32.63,31.9208,4741022.0,0.15,1.0
2018-05-07,32.7,32.8501,32.48,32.72,32.0089,4973426.0,0.0,1.0
2018-05-08,32.83,33.35,32.78,33.08,32.3611,6296760.0,0.0,1.0
2018-05-09,33.26,33.84,33.11,33.73,32.9969,3983025.0,0.0,1.0
2018-05-10,33.73,34.1156,33.6,33.9,33.1632,3155247.0,0.0,1.0
2018-05-11,33.9,34.43,33.9,34.11,33.3687,3282658.0,0.0,1.0
2018-05-14,34.29,34.29,33.88,33.94,33.2024,2471664.0,0.0,1.0
2018-05-15,33.65,34.525,33.65,34.21,33.4665,3675842.0,0.0,1.0
2018-05-16,34.3,34.76,34.08,34.59,33.8382,3065869.0,0.0,1.0
2018-05-17,34.58,35.0,34.47,34.93,34.1709,3690599.0,0.0,1.0
2018-05-18,34.93,35.6298,34.9,35.44,34.6698,7236704.0,0.0,1.0
2018-05-21,35.6,35.955,35.52,35.72,34.9437,5835561.0,0.0,1.0
2018-05-22,35.7,36.32,35.7,36.11,35.3252,4909759.0,0.0,1.0
2018-05-23,35.77,36.12,35.4239,36.12,35.335,5063382.0,0.0,1.0
2018-05-24,35.99,36.25,35.08,35.9,35.1198,5140936.0,0.0,1.0
2018-05-25,35.82,35.82,35.42,35.61,34.8361,3982533.0,0.0,1.0
2018-05-29,35.17,35.26,34.185,34.47,33.7209,6116276.0,0.0,1.0
2018-05-30,34.85,35.19,34.665,35.02,34.2589,4759872.0,0.0,1.0
2018-05-31,34.85,35.0,34.41,34.63,33.8774,5582906.0,0.0,1.0
2018-06-01,35.16,35.3,34.79,35.04,34.2785,2911528.0,0.0,1.0
2018-06-04,35.19,35.5,35.12,35.45,34.6796,1941816.0,0.0,1.0
2018-06-05,35.37,35.45,34.89,35.0,34.2393,4116276.0,0.0,1.0
2018-06-06,35.1,35.58,34.99,35.58,34.8067,4222142.0,0.0,1.0
2018-06-07,35.65,36.075,35.28,35.55,34.7774,4058105.0,0.0,1.0
2018-06-08,35.54,35.57,35.19,35.45,34.6796,4143003.0,0.0,1.0
2018-06-11,35.51,35.72,35.15,35.26,34.4937,3265799.0,0.0,1.0
2018-06-12,35.45,35.56,35.09,35.3,34.5328,2538763.0,0.0,1.0
2018-06-13,35.43,35.55,34.92,34.94,34.1806,3281475.0,0.0,1.0
2018-06-14,35.06,35.38,34.905,35.26,34.4937,3391212.0,0.0,1.0
2018-06-15,35.07,35.43,34.7,35.22,34.4546,5265085.0,0.0,1.0
2018-06-18,35.0,35.16,34.82,35.0,34.2393,4166360.0,0.0,1.0
2018-06-19,34.63,34.89,34.455,34.81,34.0535,3130100.0,0.0,1.0
2018-06-20,35.03,35.04,34.48,34.51,33.76,3426687.0,0.0,1.0
2018-06-21,34.4,34.69,33.85,34.22,33.4763,4518054.0,0.0,1.0
2018-06-22,34.54,34.5954,34.07,34.13,33.3882,8176428.0,0.0,1.0
2018-06-25,34.05,34.17,33.5,33.82,33.085,4580060.0,0.0,1.0
2018-06-26,33.83,33.91,33.37,33.47,32.7426,4161196.0,0.0,1.0
2018-06-27,33.43,33.82,33.0,33.0,32.2828,3674328.0,0.0,1.0
2018-06-28,32.97,33.15,32.55,33.01,32.2926,4453638.0,0.0,1.0
2018-06-29,33.39,33.99,33.32,33.38,32.6545,5812285.0,0.0,1.0
2018-07-02,33.11,33.84,33.11,33.84,33.1045,4422098.0,0.0,1.0
2018-07-03,33.84,33.93,33.45,33.5,32.7719,2785557.0,0.0,1.0
2018-07-05,33.77,33.91,33.53,33.6,32.8698,5194511.0,0.0,1.0
2018-07-06,33.6,33.97,33.44,33.7,32.9676,5522663.0,0.0,1.0
2018-07-09,33.9,34.91,33.88,34.86,34.1024,3611170.0,0.0,1.0
2018-07-10,34.92,35.01,34.755,34.85,34.0926,3254992.0,0.0,1.0
2018-07-11,34.67,35.005,34.64,34.8,34.0437,3761272.0,0.0,1.0
2018-07-12,34.92,34.96,32.61,32.96,32.2437,15117293.0,0.0,1.0
2018-07-13,32.8,32.9084,32.11,32.44,31.735,9880103.0,0.0,1.0
2018-07-16,32.42,32.745,32.41,32.56,31.8524,5489890.0,0.0,1.0
2018-07-17,32.68,33.02,32.58,32.82,32.1067,4316556.0,0.0,1.0
2018-07-18,32.99,33.54,32.8,33.41,32.6839,5236880.0,0.0,1.0
2018-07-19,33.19,33.745,32.96,33.24,32.5176,5496394.0,0.0,1.0
2018-07-20,33.13,33.415,32.79,32.81,32.0969,6294258.0,0.0,1.0
2018-07-23,32.97,33.54,32.95,33.51,32.7817,4444079.0,0.0,1.0
2018-07-24,33.79,34.02,33.47,33.82,33.085,4282838.0,0.0,1.0
2018-07-25,33.88,33.88,33.08,33.44,32.7132,5473887.0,0.0,1.0
2018-07-26,33.54,33.6,29.44,30.0,29.348,23930620.0,0.0,1.0
2018-07-27,30.57,30.71,29.33,29.92,29.2697,15595040.0,0.0,1.0
2018-07-30,29.64,29.965,28.91,29.51,28.8687,18396555.0,0.0,1.0
2018-07-31,29.68,29.76,28.64,28.94,28.311,11257553.0,0.0,1.0
2018-08-01,29.03,29.71,28.9,29.2,28.5654,13528395.0,0.0,1.0
2018-08-02,29.06,29.73,28.99,29.69,29.0447,9421258.0,0.0,1.0
2018-08-03,29.66,29.9155,29.175,29.85,29.4067,6015248.0,0.21,1.0
2018-08-06,29.86,30.18,29.55,29.65,29.2097,5713290.0,0.0,1.0
2018-08-07,29.83,30.18,29.7,30.09,29.6431,6388668.0,0.0,1.0
2018-08-08,30.08,30.31,29.96,30.05,29.6037,5483039.0,0.0,1.0
2018-08-09,30.0,30.13,29.7332,29.98,29.5348,4756022.0,0.0,1.0
2018-08-10,29.65,29.76,29.375,29.41,28.9732,5212883.0,0.0,1.0
2018-08-13,29.38,29.5499,29.145,29.19,28.7565,4760442.0,0.0,1.0
2018-08-14,29.87,30.03,29.47,30.01,29.5643,7830955.0,0.0,1.0
2018-08-15,29.67,30.17,29.5,29.86,29.4166,9945916.0,0.0,1.0
2018-08-16,29.84,30.53,29.84,30.43,29.9781,6904031.0,0.0,1.0
2018-08-17,30.43,30.53,30.16,30.37,29.919,4815683.0,0.0,1.0
2018-08-20,30.39,31.225,30.35,31.07,30.6086,6580792.0,0.0,1.0
2018-08-21,31.06,31.47,30.911,31.17,30.7071,4878859.0,0.0,1.0
2018-08-22,31.11,31.82,31.08,31.7,31.2292,6564091.0,0.0,1.0
2018-08-23,31.71,31.87,31.25,31.27,30.8056,4084672.0,0.0,1.0
2018-08-24,31.3,31.46,31.21,31.36,30.8943,2475919.0,0.0,1.0
2018-08-27,31.56,32.125,31.52,31.83,31.3573,5081933.0,0.0,1.0
2018-08-28,31.8,32.09,31.71,31.82,31.3474,2674915.0,0.0,1.0
2018-08-29,31.93,31.93,31.435,31.68,31.2095,3369786.0,0.0,1.0
2018-08-30,31.61,31.83,31.53,31.61,31.1406,2672869.0,0.0,1.0
2018-08-31,31.46,31.75,31.42,31.67,31.1997,3605813.0,0.0,1.0
2018-09-04,31.59,31.915,31.51,31.88,31.4066,5077503.0,0.0,1.0
2018-09-05,31.9,32.245,31.85,32.01,31.5346,6134937.0,0.0,1.0
2018-09-06,31.88,32.155,31.57,31.8,31.3277,4590403.0,0.0,1.0
2018-09-07,31.78,31.98,31.66,31.73,31.2588,4745432.0,0.0,1.0
2018-09-10,31.73,32.705,31.73,32.18,31.7021,4905129.0,0.0,1.0
2018-09-11,32.03,32.68,31.92,32.44,31.9582,4370701.0,0.0,1.0
2018-09-12,32.4,32.54,32.17,32.29,31.8105,3446686.0,0.0,1.0
2018-09-13,32.35,32.465,32.2,32.21,31.7317,3420400.0,0.0,1.0
2018-09-14,32.3,32.71,32.19,32.59,32.106,3319761.0,0.0,1.0
2018-09-17,32.68,32.9042,32.38,32.5,32.0173,4169751.0,0.0,1.0
2018-09-18,32.6,33.03,32.47,32.98,32.4902,4141706.0,0.0,1.0
2018-09-19,33.05,33.595,32.96,33.39,32.8941,4294101.0,0.0,1.0
2018-09-20,33.55,33.78,33.44,33.6,33.101,4837073.0,0.0,1.0
2018-09-21,33.61,33.8197,33.4,33.47,32.9729,9928391.0,0.0,1.0
2018-09-24,33.42,33.52,32.885,33.04,32.5493,3547607.0,0.0,1.0
2018-09-25,33.17,33.17,32.68,32.98,32.4902,3546405.0,0.0,1.0
2018-09-26,32.57,32.77,31.845,31.91,31.4361,4663052.0,0.0,1.0
2018-09-27,31.88,31.98,31.57,31.57,31.1012,3876934.0,0.0,1.0
2018-09-28,31.43,31.495,30.95,31.08,30.6184,4931163.0,0.0,1.0
2018-10-01,31.25,31.8,31.1705,31.48,31.0125,5078140.0,0.0,1.0
2018-10-02,31.38,31.63,31.06,31.34,30.8746,4768376.0,0.0,1.0
2018-10-03,31.58,32.05,31.48,31.78,31.308,3856314.0,0.0,1.0
2018-10-04,31.81,31.94,31.29,31.5,31.0322,3488509.0,0.0,1.0
2018-10-05,31.59,31.75,31.225,31.31,30.845,2606418.0,0.0,1.0
2018-10-08,31.11,31.565,30.95,31.33,30.8647,4522117.0,0.0,1.0
2018-10-09,31.15,31.35,30.98,31.15,30.6874,3740765.0,0.0,1.0
2018-10-10,31.28,31.555,30.51,30.52,30.0667,5350456.0,0.0,1.0
2018-10-11,30.3,30.44,29.51,29.73,29.2885,7268854.0,0.0,1.0
2018-10-12,29.96,30.29,29.2763,29.84,29.3968,5228352.0,0.0,1.0
2018-10-15,29.76,30.03,29.59,29.73,29.2885,3478930.0,0.0,1.0
2018-10-16,29.91,30.22,29.56,30.19,29.7417,2990234.0,0.0,1.0
2018-10-17,30.14,30.44,29.7,30.07,29.6234,3658955.0,0.0,1.0
2018-10-18,30.04,30.135,29.445,29.64,29.1998,5788054.0,0.0,1.0
2018-10-19,30.45,31.74,29.42,31.36,30.8943,10238100.0,0.0,1.0
2018-10-22,31.51,31.57,29.41,29.47,29.0323,8823487.0,0.0,1.0
2018-10-23,28.82,29.68,28.49,29.58,29.1407,7275340.0,0.0,1.0
2018-10-24,29.65,29.98,28.5,28.56,28.1359,6664670.0,0.0,1.0
2018-10-25,28.75,29.05,28.355,28.83,28.4018,6267784.0,0.0,1.0
2018-10-26,28.5,28.57,27.71,27.98,27.5645,7973892.0,0.0,1.0
2018-10-29,28.32,28.89,27.6,28.01,27.594,5437781.0,0.0,1.0
2018-10-30,28.23,28.77,28.09,28.74,28.3132,5081993.0,0.0,1.0
2018-10-31,29.03,29.34,28.75,28.88,28.4511,4849977.0,0.0,1.0
2018-11-01,29.08,29.48,28.9101,29.44,29.0028,4171382.0,0.0,1.0
2018-11-02,27.29,27.32,26.125,26.43,26.2444,18857685.0,0.21,1.0
2018-11-05,26.5,27.01,26.43,26.72,26.5323,5859227.0,0.0,1.0
2018-11-06,26.67,27.02,26.35,26.87,26.6813,8879113.0,0.0,1.0
2018-11-07,26.98,27.38,26.64,27.35,27.1579,7951565.0,0.0,1.0
2018-11-08,27.27,27.575,27.1942,27.48,27.287,5426985.0,0.0,1.0
2018-11-09,27.32,27.98,27.25,27.62,27.426,5696424.0,0.0,1.0
2018-11-12,27.59,27.78,27.14,27.21,27.0189,3471145.0,0.0,1.0
2018-11-13,27.21,27.99,27.21,27.65,27.4558,5120964.0,0.0,1.0
2018-11-14,27.85,27.93,26.675,26.92,26.7309,5806330.0,0.0,1.0
2018-11-15,26.645,26.65,25.93,26.51,26.3238,9776696.0,0.0,1.0
2018-11-16,26.35,26.39,25.44,25.91,25.728,9307181.0,0.0,1.0
2018-11-19,25.94,26.09,25.2,25.53,25.3507,6260465.0,0.0,1.0
2018-11-20,25.29,25.82,25.06,25.32,25.1422,5961508.0,0.0,1.0
2018-11-21,25.4,26.06,25.33,25.66,25.4798,4225991.0,0.0,1.0
2018-11-23,25.53,25.83,25.36,25.56,25.3805,2146017.0,0.0,1.0
2018-11-26,25.92,26.15,25.81,25.95,25.7677,5728540.0,0.0,1.0
2018-11-27,25.76,26.13,25.72,26.08,25.8968,5870604.0,0.0,1.0
2018-11-28,26.06,26.46,25.945,26.42,26.2344,4510163.0,0.0,1.0
2018-11-29,26.23,26.4036,25.95,25.97,25.7876,4391428.0,0.0,1.0
2018-11-30,26.0,26.04,25.725,25.98,25.7975,5840654.0,0.0,1.0
2018-12-03,26.23,26.415,25.69,25.81,25.6287,5591053.0,0.0,1.0
2018-12-04,25.66,25.85,24.69,24.9,24.7251,9313328.0,0.0,1.0
2018-12-06,24.53,25.16,24.51,25.14,24.9634,8381521.0,0.0,1.0
2018-12-07,25.32,25.93,25.21,25.36,25.1819,9078490.0,0.0,1.0
2018-12-10,25.3,25.41,24.3,24.96,24.7847,9531130.0,0.0,1.0
2018-12-11,25.31,25.5,24.18,24.4,24.2286,6769408.0,0.0,1.0
2018-12-12,24.68,25.07,24.47,24.55,24.3776,7580611.0,0.0,1.0
2018-12-13,24.62,24.73,24.07,24.18,24.0102,8417984.0,0.0,1.0
2018-12-14,23.93,24.67,23.81,24.1,23.9307,9651287.0,0.0,1.0
2018-12-17,24.0,24.146,23.36,23.49,23.325,10344458.0,0.0,1.0
2018-12-18,23.64,23.95,23.32,23.53,23.3647,10224901.0,0.0,1.0
2018-12-19,23.5,24.05,23.05,23.2,23.0371,7631839.0,0.0,1.0
2018-12-20,22.97,23.545,22.695,22.99,22.8285,7602573.0,0.0,1.0
2018-12-21,23.0,23.39,22.32,22.5,22.342,12513141.0,0.0,1.0
2018-12-24,22.33,22.94,21.985,22.17,22.0143,4457599.0,0.0,1.0
2018-12-26,22.16,23.16,21.775,23.14,22.9775,5392852.0,0.0,1.0
2018-12-27,22.8,23.44,22.56,23.42,23.2555,6030122.0,0.0,1.0
2018-12-28,23.54,23.81,23.15,23.5,23.3349,5934442.0,0.0,1.0
2018-12-31,23.52,23.67,22.95,23.46,23.2952,7749821.0,0.0,1.0
2019-01-02,23.15,24.27,23.12,24.27,24.0995,8662529.0,0.0,1.0
2019-01-03,24.45,24.53,23.9,24.09,23.9208,6948328.0,0.0,1.0
2019-01-04,24.55,25.345,24.4927,25.24,25.0627,8027611.0,0.0,1.0
2019-01-07,25.16,25.59,24.92,25.37,25.1918,3993781.0,0.0,1.0
2019-01-08,25.51,25.6,25.005,25.42,25.2415,4347101.0,0.0,1.0
2019-01-09,25.53,26.01,25.385,25.99,25.8075,5126921.0,0.0,1.0
2019-01-10,25.89,25.905,25.3601,25.75,25.5691,4892833.0,0.0,1.0
2019-01-11,25.57,26.15,25.48,26.02,25.8373,5670805.0,0.0,1.0
2019-01-14,25.79,25.945,25.55,25.85,25.6684,6465869.0,0.0,1.0
2019-01-15,25.81,25.84,25.45,25.77,25.589,4441993.0,0.0,1.0
2019-01-16,25.76,26.6,25.76,26.38,26.1947,4933125.0,0.0,1.0
2019-01-17,26.22,26.5,26.04,26.35,26.1649,3153764.0,0.0,1.0
2019-01-18,26.41,26.58,26.03,26.28,26.0954,6534481.0,0.0,1.0
2019-01-22,26.5,26.74,26.3,26.55,26.3635,12985294.0,0.0,1.0
2019-01-23,29.96,30.0,28.6847,29.4,29.1935,40739370.0,0.0,1.0
2019-01-24,29.73,30.43,29.4,29.81,29.6006,23959449.0,0.0,1.0
2019-01-25,29.98,30.33,29.78,29.79,29.5808,11871180.0,0.0,1.0
2019-01-28,29.61,30.32,29.55,29.98,29.7694,11749783.0,0.0,1.0
2019-01-29,30.01,30.23,29.56,29.65,29.4418,9459209.0,0.0,1.0
2019-01-30,29.98,30.22,29.765,30.07,29.8588,7011298.0,0.0,1.0
2019-01-31,29.92,30.22,29.86,30.04,29.829,8351866.0,0.0,1.0
2019-02-01,29.84,30.05,29.61,29.69,29.69,6321178.0,0.21,1.0
2019-02-04,29.7,29.81,29.19,29.72,29.72,6806654.0,0.0,1.0
2019-02-05,29.75,30.09,29.61,29.99,29.99,8605946.0,0.0,1.0
2019-02-06,29.98,30.265,29.74,30.11,30.11,6817118.0,0.0,1.0
2019-02-07,30.08,30.265,29.8,30.11,30.11,7865403.0,0.0,1.0
2019-02-08,29.92,30.23,29.765,29.94,29.94,6207411.0,0.0,1.0
2019-02-11,30.0,30.39,30.0,30.37,30.37,7950911.0,0.0,1.0
2019-02-12,30.54,30.99,30.42,30.44,30.44,7256970.0,0.0,1.0
2019-02-13,30.54,30.97,30.54,30.77,30.77,3913322.0,0.0,1.0
2019-02-14,30.96,31.18,30.75,30.83,30.83,7723452.0,0.0,1.0
2019-02-15,31.11,31.84,31.11,31.75,31.75,7141839.0,0.0,1.0
2019-02-19,31.68,31.85,31.55,31.76,31.76,4788140.0,0.0,1.0
2019-02-20,31.77,32.055,31.75,31.79,31.79,7874624.0,0.0,1.0
2019-02-21,31.85,31.99,31.645,31.78,31.78,5339951.0,0.0,1.0
2019-02-22,31.86,32.1668,31.82,31.88,31.88,6074349.0,0.0,1.0
2019-02-25,32.12,32.305,31.82,31.83,31.83,8686392.0,0.0,1.0
2019-02-26,31.71,32.15,31.64,32.01,32.01,9412626.0,0.0,1.0
2019-02-27,32.0,32.2068,31.89,32.02,32.02,10472872.0,0.0,1.0
2019-02-28,32.06,32.65,31.96,32.61,32.61,12213495.0,0.0,1.0
2019-03-01,32.8,33.245,32.39,32.46,32.46,5769544.0,0.0,1.0
2019-03-04,32.52,32.69,32.16,32.46,32.46,4257824.0,0.0,1.0
2019-03-05,32.34,32.48,31.94,32.22,32.22,8446663.0,0.0,1.0
2019-03-06,32.3,32.41,31.88,31.89,31.89,4948181.0,0.0,1.0
2019-03-07,31.86,31.92,31.39,31.5,31.5,7009739.0,0.0,1.0
2019-03-08,31.2,31.58,31.085,31.54,31.54,5588150.0,0.0,1.0
2019-03-11,31.75,32.07,31.68,32.02,32.02,7351690.0,0.0,1.0
2019-03-12,32.09,32.27,31.93,32.21,32.21,5395045.0,0.0,1.0
2019-03-13,32.55,33.06,32.4,32.92,32.92,7867797.0,0.0,1.0
2019-03-14,32.9,33.1865,32.74,32.84,32.84,7339132.0,0.0,1.0
2019-03-15,32.85,33.32,32.76,33.31,33.31,13405503.0,0.0,1.0
2019-03-18,33.34,33.555,33.19,33.24,33.24,4803148.0,0.0,1.0
2019-03-19,33.45,33.56,33.0,33.08,33.08,5700756.0,0.0,1.0
2019-03-20,32.96,33.0,32.38,32.45,32.45,5243532.0,0.0,1.0
2019-03-21,32.31,33.15,32.22,32.91,32.91,4922683.0,0.0,1.0
2019-03-22,32.54,32.68,31.65,31.83,31.83,6752130.0,0.0,1.0
2019-03-25,31.79,32.08,31.12,31.39,31.39,8774294.0,0.0,1.0
2019-03-26,31.62,31.87,31.34,31.77,31.77,5009644.0,0.0,1.0
2019-03-27,31.78,31.97,31.47,31.63,31.63,4887290.0,0.0,1.0
2019-03-28,31.62,32.04,31.62,31.83,31.83,3805464.0,0.0,1.0
2019-03-29,32.03,32.22,31.785,31.9,31.9,4448094.0,0.0,1.0
2019-04-01,32.09,32.73,32.0701,32.58,32.58,4426068.0,0.0,1.0
2019-04-02,32.58,32.645,32.35,32.42,32.42,5471529.0,0.0,1.0
2019-04-03,32.5,32.7,32.24,32.35,32.35,6711724.0,0.0,1.0
2019-04-04,32.48,32.8,32.38,32.5,32.5,2838750.0,0.0,1.0
2019-04-05,32.45,32.72,32.275,32.31,32.31,3704084.0,0.0,1.0
2019-04-08,32.35,32.545,32.185,32.54,32.54,2935288.0,0.0,1.0
2019-04-09,32.47,32.47,32.16,32.27,32.27,4668566.0,0.0,1.0
2019-04-10,32.27,32.63,32.27,32.55,32.55,3026734.0,0.0,1.0
2019-04-11,32.68,33.145,32.52,32.62,32.62,3493731.0,0.0,1.0
2019-04-12,32.95,33.25,32.75,33.0,33.0,4152959.0,0.0,1.0
2019-04-15,33.09,33.37,32.65,32.95,32.95,3398203.0,0.0,1.0
2019-04-16,33.09,33.24,32.77,33.16,33.16,3230558.0,0.0,1.0
2019-04-17,33.29,33.42,33.065,33.24,33.24,4607129.0,0.0,1.0
2019-04-18,33.79,33.79,32.21,33.34,33.34,6769735.0,0.0,1.0
2019-04-22,33.13,33.61,32.9084,33.55,33.55,3998718.0,0.0,1.0
2019-04-23,33.51,33.59,33.225,33.46,33.46,4474374.0,0.0,1.0
2019-04-24,33.36,33.655,33.24,33.53,33.53,5069576.0,0.0,1.0
2019-04-25,33.41,33.84,33.28,33.5,33.5,3943315.0,0.0,1.0
2019-04-26,33.48,34.4,33.46,34.4,34.4,5281697.0,0.0,1.0
